Iteration,Lh,Tree No,alpha1,beta1,alpha2,beta2,"Root - P(0,0)","Root - P(0,1)","Root - P(1,0)","Root - P(1,1)","Node01 - P(0,0)","Node01 - P(0,1)","Node01 - P(1,0)","Node01 - P(1,1)"
11000,-222.827679,88,0.313997,0.955961,0.319362,1.85345,1,0,0,0,1,0,0,0
12000,-219.225076,67,0.233387,1.402078,0.699906,1.828387,1,0,0,0,1,0,0,0
13000,-222.131821,67,0.277818,0.983116,0.956255,1.923345,1,0,0,0,1,0,0,0
14000,-223.577589,23,0.391842,0.885906,0.448112,1.32691,1,0,0,0,1,0,0,0
15000,-220.404656,67,0.129988,0.379834,0.444363,1.755071,1,0,0,0,1,0,0,0
16000,-221.078165,33,0.242639,1.552479,0.506971,0.830869,1,0,0,0,1,0,0,0
17000,-221.80494,99,0.241519,0.920528,0.492639,0.612716,1,0,0,0,1,0,0,0
18000,-220.526259,3,0.231521,2.083483,0.400698,1.462041,1,0,0,0,1,0,0,0
19000,-225.107421,3,0.148597,0.687222,1.108473,1.623955,1,0,0,0,1,0,0,0
20000,-220.132579,67,0.219402,0.51826,0.646374,2.210093,1,0,0,0,1,0,0,0
21000,-221.904502,92,0.230996,1.522696,0.794415,0.745321,1,0,0,0,1,0,0,0
22000,-220.351181,3,0.14648,1.578391,0.682612,1.645919,1,0,0,0,1,0,0,0
23000,-226.878768,97,0.403351,0.504679,0.564312,0.496041,1,0,0,0,1,0,0,0
24000,-221.258782,88,0.205521,1.592227,0.371,1.55435,1,0,0,0,1,0,0,0
25000,-220.033128,67,0.138461,2.308007,0.499619,1.374231,1,0,0,0,1,0,0,0
26000,-222.144883,99,0.260418,1.456458,0.657448,2.246138,1,0,0,0,1,0,0,0
27000,-222.577886,88,0.23852,0.96531,0.946398,1.503262,1,0,0,0,1,0,0,0
28000,-221.730073,48,0.233534,1.651813,0.515151,1.708036,1,0,0,0,1,0,0,0
29000,-222.422032,87,0.336572,1.49222,0.463314,1.279828,1,0,0,0,1,0,0,0
30000,-220.5434,67,0.246698,1.503429,0.724723,2.130327,1,0,0,0,1,0,0,0
31000,-219.180449,9,0.195597,0.874142,0.461922,1.321689,1,0,0,0,1,0,0,0
32000,-222.92729,65,0.199723,1.99717,0.538355,0.699584,1,0,0,0,1,0,0,0
33000,-222.076216,40,0.300042,1.382352,0.432338,1.317238,1,0,0,0,1,0,0,0
34000,-221.314423,100,0.193079,1.696808,0.533895,1.095617,1,0,0,0,1,0,0,0
35000,-219.331605,9,0.187332,1.190887,0.534486,1.403907,1,0,0,0,1,0,0,0
36000,-225.081318,25,0.282688,3.071916,0.67294,1.233372,1,0,0,0,1,0,0,0
37000,-223.152816,74,0.187443,1.862569,0.420075,1.026678,1,0,0,0,1,0,0,0
38000,-221.314627,77,0.285752,1.512698,0.430963,1.521557,1,0,0,0,1,0,0,0
39000,-221.6969,88,0.31347,1.682711,0.463711,0.820139,1,0,0,0,1,0,0,0
40000,-225.226728,63,0.23646,1.098214,0.722332,2.017346,1,0,0,0,1,0,0,0
41000,-220.35431,61,0.198295,1.01832,0.4881,0.975407,1,0,0,0,1,0,0,0
42000,-221.396607,25,0.159609,0.432863,0.538544,1.446422,1,0,0,0,1,0,0,0
43000,-217.743222,67,0.218476,0.961187,0.425809,1.544571,1,0,0,0,1,0,0,0
44000,-219.983678,9,0.191107,1.058841,0.43731,1.73252,1,0,0,0,1,0,0,0
45000,-221.945611,40,0.128734,0.706733,0.50791,1.409035,1,0,0,0,1,0,0,0
46000,-220.58031,67,0.372599,0.400951,0.508945,1.143768,1,0,0,0,1,0,0,0
47000,-220.617901,3,0.336313,1.172361,0.727363,1.401685,1,0,0,0,1,0,0,0
48000,-219.69639,92,0.226984,0.844868,0.427021,1.311151,1,0,0,0,1,0,0,0
49000,-219.081646,88,0.17876,0.83977,0.519038,0.978167,1,0,0,0,1,0,0,0
50000,-223.702802,65,0.189728,0.187009,0.69527,1.111174,1,0,0,0,1,0,0,0
51000,-222.393066,68,0.233815,0.761846,0.691013,1.319362,1,0,0,0,1,0,0,0
52000,-223.333336,31,0.129135,0.841755,0.521669,2.02363,1,0,0,0,1,0,0,0
53000,-218.716062,67,0.168818,1.014124,0.451439,0.820076,1,0,0,0,1,0,0,0
54000,-220.730077,67,0.177714,2.477143,0.479957,0.905279,1,0,0,0,1,0,0,0
55000,-225.876952,100,0.120297,2.724942,0.493051,0.660828,1,0,0,0,1,0,0,0
56000,-221.278273,57,0.303958,0.562867,0.538481,0.873269,1,0,0,0,1,0,0,0
57000,-223.533614,48,0.134029,0.929493,0.291191,1.243373,1,0,0,0,1,0,0,0
58000,-224.312016,77,0.347181,0.809767,0.881298,1.655913,1,0,0,0,1,0,0,0
59000,-220.215747,62,0.208212,0.584653,0.595894,1.382892,1,0,0,0,1,0,0,0
60000,-219.679668,3,0.191165,0.962168,0.450846,0.80322,1,0,0,0,1,0,0,0
61000,-218.110145,67,0.22956,0.811145,0.68263,1.531126,1,0,0,0,1,0,0,0
62000,-225.228155,80,0.089358,2.116452,0.520225,0.677119,1,0,0,0,1,0,0,0
63000,-218.188836,67,0.305936,0.757807,0.548751,1.198309,1,0,0,0,1,0,0,0
64000,-218.05025,67,0.281744,1.328691,0.483236,1.368173,1,0,0,0,1,0,0,0
65000,-220.214083,67,0.094787,1.363297,0.638733,1.295796,1,0,0,0,1,0,0,0
66000,-219.942914,67,0.206534,2.345356,0.429649,1.368013,1,0,0,0,1,0,0,0
67000,-222.352633,77,0.18285,2.030532,0.650534,1.010158,1,0,0,0,1,0,0,0
68000,-220.075822,67,0.169811,0.497411,0.671073,2.06626,1,0,0,0,1,0,0,0
69000,-220.410323,77,0.232244,0.789698,0.606021,0.929719,1,0,0,0,1,0,0,0
70000,-219.631935,88,0.220184,1.420018,0.594373,1.23074,1,0,0,0,1,0,0,0
71000,-222.356645,100,0.266468,0.837679,0.322763,1.374107,1,0,0,0,1,0,0,0
72000,-223.414444,51,0.249794,1.450406,0.725466,1.399189,1,0,0,0,1,0,0,0
73000,-221.436525,14,0.26264,0.682993,0.403943,1.206206,1,0,0,0,1,0,0,0
74000,-222.466591,78,0.12455,1.406946,0.618962,1.583637,1,0,0,0,1,0,0,0
75000,-219.93963,67,0.286704,1.344352,0.703775,0.650525,1,0,0,0,1,0,0,0
76000,-220.476279,9,0.248647,0.713935,0.530721,0.693953,1,0,0,0,1,0,0,0
77000,-224.375666,33,0.364811,1.050471,0.687679,2.321995,1,0,0,0,1,0,0,0
78000,-220.998447,3,0.135528,1.873587,0.702855,1.42399,1,0,0,0,1,0,0,0
79000,-222.856402,98,0.144854,0.923039,0.618602,0.831514,1,0,0,0,1,0,0,0
80000,-219.647495,33,0.237462,0.973642,0.447043,1.366601,1,0,0,0,1,0,0,0
81000,-223.948795,45,0.210796,1.082176,0.66141,1.427719,1,0,0,0,1,0,0,0
82000,-221.348324,62,0.269611,1.711189,0.480413,1.068577,1,0,0,0,1,0,0,0
83000,-225.969297,17,0.208534,1.76979,0.559046,2.240963,1,0,0,0,1,0,0,0
84000,-221.133981,3,0.20175,2.108626,0.733744,1.327745,1,0,0,0,1,0,0,0
85000,-217.708298,67,0.215229,1.237981,0.565863,1.553679,1,0,0,0,1,0,0,0
86000,-220.483818,3,0.177178,1.489085,0.769316,1.537224,1,0,0,0,1,0,0,0
87000,-217.717904,67,0.25667,1.140509,0.586845,1.16769,1,0,0,0,1,0,0,0
88000,-219.531972,67,0.119949,1.511611,0.416682,1.523746,1,0,0,0,1,0,0,0
89000,-222.712531,53,0.223213,1.37801,0.526291,2.107284,1,0,0,0,1,0,0,0
90000,-217.348895,67,0.198211,0.755225,0.511885,1.246679,1,0,0,0,1,0,0,0
91000,-220.677538,67,0.293407,2.484293,0.543613,1.17065,1,0,0,0,1,0,0,0
92000,-222.213759,46,0.167921,0.600159,0.52453,0.6138,1,0,0,0,1,0,0,0
93000,-221.817089,82,0.211467,1.112422,0.476245,0.790705,1,0,0,0,1,0,0,0
94000,-222.188478,86,0.17547,0.776575,0.54571,0.90651,1,0,0,0,1,0,0,0
95000,-221.611517,64,0.197854,0.859909,0.710298,1.432816,1,0,0,0,1,0,0,0
96000,-221.870534,46,0.110315,1.320411,0.553986,1.118538,1,0,0,0,1,0,0,0
97000,-231.628095,62,0.367702,1.157175,0.922958,0.06376,1,0,0,0,1,0,0,0
98000,-218.953382,67,0.243835,1.894749,0.440276,1.301497,1,0,0,0,1,0,0,0
99000,-220.832064,92,0.15831,1.448103,0.640665,0.791945,1,0,0,0,1,0,0,0
100000,-220.676768,67,0.093405,1.906106,0.464729,1.497036,1,0,0,0,1,0,0,0
101000,-220.130725,67,0.339003,0.683647,0.729077,0.91809,1,0,0,0,1,0,0,0
102000,-225.475014,64,0.27191,1.073121,0.935847,2.035042,1,0,0,0,1,0,0,0
103000,-226.225468,81,0.392935,3.047604,0.535137,1.152022,1,0,0,0,1,0,0,0
104000,-218.516714,67,0.294649,1.17435,0.625327,0.981905,1,0,0,0,1,0,0,0
105000,-222.354441,62,0.323722,0.678704,0.706654,0.873583,1,0,0,0,1,0,0,0
106000,-221.970459,14,0.232103,1.354311,0.718136,1.491996,1,0,0,0,1,0,0,0
107000,-220.817865,25,0.271077,0.920543,0.560211,0.818774,1,0,0,0,1,0,0,0
108000,-222.581625,4,0.293817,0.781075,0.483914,1.751782,1,0,0,0,1,0,0,0
109000,-217.847071,67,0.230431,1.121207,0.591341,1.64766,1,0,0,0,1,0,0,0
110000,-219.361218,88,0.253089,0.727092,0.579761,1.562264,1,0,0,0,1,0,0,0
111000,-220.192195,9,0.217811,1.632423,0.508141,1.022866,1,0,0,0,1,0,0,0
112000,-222.155561,62,0.248388,1.664825,0.342232,1.237119,1,0,0,0,1,0,0,0
113000,-221.386702,88,0.260967,0.93696,0.455405,2.135027,1,0,0,0,1,0,0,0
114000,-220.687466,61,0.284099,1.261903,0.498607,1.130604,1,0,0,0,1,0,0,0
115000,-218.307579,3,0.217344,0.904016,0.601659,1.438057,1,0,0,0,1,0,0,0
116000,-220.792919,67,0.332024,0.643248,0.786358,0.825128,1,0,0,0,1,0,0,0
117000,-217.664593,67,0.269051,0.925831,0.582158,1.319466,1,0,0,0,1,0,0,0
118000,-222.493675,87,0.229648,1.886579,0.512098,1.780122,1,0,0,0,1,0,0,0
119000,-218.909178,3,0.257711,0.690282,0.58932,0.999909,1,0,0,0,1,0,0,0
120000,-220.111183,88,0.165133,1.350051,0.449315,1.430541,1,0,0,0,1,0,0,0
121000,-222.949293,64,0.271972,0.919898,0.673345,0.543711,1,0,0,0,1,0,0,0
122000,-219.255461,3,0.185488,0.97377,0.571935,1.948417,1,0,0,0,1,0,0,0
123000,-221.693864,61,0.256905,0.335347,0.602202,1.495415,1,0,0,0,1,0,0,0
124000,-221.977529,42,0.189896,1.427501,0.663758,1.106342,1,0,0,0,1,0,0,0
125000,-220.197246,92,0.209244,0.70231,0.727321,0.767477,1,0,0,0,1,0,0,0
126000,-219.46358,67,0.249258,1.760442,0.718475,1.127702,1,0,0,0,1,0,0,0
127000,-222.989946,46,0.196168,2.178346,0.402908,1.566065,1,0,0,0,1,0,0,0
128000,-220.505787,92,0.171067,1.31225,0.705105,0.944931,1,0,0,0,1,0,0,0
129000,-227.281769,97,0.226502,1.403943,1.088637,1.382665,1,0,0,0,1,0,0,0
130000,-222.483002,77,0.166323,1.55206,0.688731,1.956031,1,0,0,0,1,0,0,0
131000,-218.037081,67,0.279181,1.24849,0.521998,1.088973,1,0,0,0,1,0,0,0
132000,-219.054371,3,0.187765,0.9458,0.668011,1.688679,1,0,0,0,1,0,0,0
133000,-223.350507,9,0.189408,0.632409,0.257882,0.988447,1,0,0,0,1,0,0,0
134000,-219.422419,67,0.273402,1.19376,0.466615,0.690155,1,0,0,0,1,0,0,0
135000,-223.183484,83,0.137267,0.435112,0.617788,1.308512,1,0,0,0,1,0,0,0
136000,-221.435512,25,0.211055,1.964044,0.51456,1.212973,1,0,0,0,1,0,0,0
137000,-224.207508,3,0.281057,3.225597,0.533605,0.896413,1,0,0,0,1,0,0,0
138000,-218.85576,67,0.222172,0.419395,0.681747,1.035965,1,0,0,0,1,0,0,0
139000,-220.805453,62,0.251232,0.589152,0.660171,1.502,1,0,0,0,1,0,0,0
140000,-226.198765,80,0.264666,2.0011,0.320323,0.635147,1,0,0,0,1,0,0,0
141000,-224.176082,34,0.167308,0.508706,0.786525,1.715022,1,0,0,0,1,0,0,0
142000,-222.454967,49,0.213877,2.217611,0.667465,1.471693,1,0,0,0,1,0,0,0
143000,-217.54404,67,0.205058,1.003244,0.558513,1.584397,1,0,0,0,1,0,0,0
144000,-218.91814,67,0.214886,0.525777,0.726395,1.566771,1,0,0,0,1,0,0,0
145000,-222.233058,3,0.417536,1.652178,0.596186,1.042126,1,0,0,0,1,0,0,0
146000,-219.157926,67,0.141801,0.847518,0.35665,1.219114,1,0,0,0,1,0,0,0
147000,-223.2775,99,0.273247,1.142369,0.583745,2.554935,1,0,0,0,1,0,0,0
148000,-221.751316,14,0.234264,1.419645,0.690532,1.29991,1,0,0,0,1,0,0,0
149000,-218.832699,67,0.204526,1.710074,0.52067,1.75368,1,0,0,0,1,0,0,0
150000,-219.533079,3,0.278141,1.204573,0.678826,1.614464,1,0,0,0,1,0,0,0
151000,-219.801156,3,0.306095,0.521009,0.531908,0.993754,1,0,0,0,1,0,0,0
152000,-218.844555,67,0.263919,0.733178,0.736564,0.993222,1,0,0,0,1,0,0,0
153000,-219.195803,67,0.18935,1.74172,0.640289,1.72372,1,0,0,0,1,0,0,0
154000,-221.752597,67,0.228384,0.965637,0.266325,0.844681,1,0,0,0,1,0,0,0
155000,-218.349384,3,0.201004,0.751347,0.563375,1.612734,1,0,0,0,1,0,0,0
156000,-223.257825,61,0.24232,1.230836,0.746259,2.251181,1,0,0,0,1,0,0,0
157000,-219.786589,88,0.201726,0.348702,0.65126,0.971807,1,0,0,0,1,0,0,0
158000,-221.179658,88,0.345169,1.282935,0.45716,1.486213,1,0,0,0,1,0,0,0
159000,-220.051579,92,0.279447,0.87915,0.497754,1.581734,1,0,0,0,1,0,0,0
160000,-222.309579,51,0.224202,1.228169,0.483177,1.329332,1,0,0,0,1,0,0,0
161000,-220.214116,33,0.299122,0.869636,0.476762,1.44885,1,0,0,0,1,0,0,0
162000,-221.545238,49,0.262151,1.086803,0.600351,0.61011,1,0,0,0,1,0,0,0
163000,-223.901583,32,0.172783,2.188424,0.531885,1.810483,1,0,0,0,1,0,0,0
164000,-220.903776,67,0.282712,1.501711,0.300385,1.691934,1,0,0,0,1,0,0,0
165000,-222.219444,72,0.258731,1.632255,0.370172,1.461889,1,0,0,0,1,0,0,0
166000,-218.019286,67,0.216855,1.323809,0.64912,1.252421,1,0,0,0,1,0,0,0
167000,-219.545399,9,0.236659,1.282826,0.550013,1.502833,1,0,0,0,1,0,0,0
168000,-223.572153,85,0.210791,0.895422,0.738698,2.050251,1,0,0,0,1,0,0,0
169000,-218.523413,67,0.269115,0.98671,0.716437,1.137339,1,0,0,0,1,0,0,0
170000,-223.607637,45,0.205899,0.988068,0.478149,1.119394,1,0,0,0,1,0,0,0
171000,-223.433101,46,0.184595,1.517824,0.870728,1.694599,1,0,0,0,1,0,0,0
172000,-224.020439,1,0.369717,1.30088,0.492668,1.171821,1,0,0,0,1,0,0,0
173000,-217.705384,67,0.183715,0.694223,0.576289,1.090229,1,0,0,0,1,0,0,0
174000,-222.208024,82,0.1619,1.119203,0.470105,1.759546,1,0,0,0,1,0,0,0
175000,-220.039045,88,0.22717,0.857875,0.365894,1.337844,1,0,0,0,1,0,0,0
176000,-220.63994,67,0.385678,0.892948,0.714567,1.459047,1,0,0,0,1,0,0,0
177000,-223.28396,56,0.246242,0.813699,0.613379,1.077239,1,0,0,0,1,0,0,0
178000,-223.596386,23,0.141642,1.945031,0.375451,1.564027,1,0,0,0,1,0,0,0
179000,-222.252843,9,0.108901,0.876411,0.751778,0.972324,1,0,0,0,1,0,0,0
180000,-224.3517,3,0.151783,3.098576,0.545605,2.041098,1,0,0,0,1,0,0,0
181000,-221.032587,81,0.219203,0.908763,0.401938,1.744514,1,0,0,0,1,0,0,0
182000,-218.320307,67,0.222744,0.557581,0.467313,0.921667,1,0,0,0,1,0,0,0
183000,-221.226568,49,0.177081,1.853663,0.470785,1.551846,1,0,0,0,1,0,0,0
184000,-219.339748,3,0.280209,1.584725,0.492794,1.4441,1,0,0,0,1,0,0,0
185000,-221.702552,9,0.263513,1.213522,0.328238,0.966844,1,0,0,0,1,0,0,0
186000,-219.722826,67,0.131846,1.519063,0.470171,1.864494,1,0,0,0,1,0,0,0
187000,-218.842752,67,0.150194,0.835818,0.361956,1.347929,1,0,0,0,1,0,0,0
188000,-218.136711,67,0.245987,1.004729,0.654709,1.629034,1,0,0,0,1,0,0,0
189000,-221.526375,53,0.26915,1.027218,0.414593,1.16889,1,0,0,0,1,0,0,0
190000,-223.306275,99,0.121342,1.020881,0.406614,2.21617,1,0,0,0,1,0,0,0
191000,-223.139004,1,0.189048,1.607696,0.653863,1.556616,1,0,0,0,1,0,0,0
192000,-225.448109,38,0.275486,0.309759,0.456288,1.195801,1,0,0,0,1,0,0,0
193000,-224.982799,52,0.370705,0.708453,0.772409,1.54482,1,0,0,0,1,0,0,0
194000,-220.133393,67,0.187658,2.015392,0.443225,0.821827,1,0,0,0,1,0,0,0
195000,-220.654891,92,0.294326,1.057769,0.678737,1.557504,1,0,0,0,1,0,0,0
196000,-222.822616,52,0.17899,0.60834,0.446147,0.768224,1,0,0,0,1,0,0,0
197000,-218.314036,67,0.220622,0.98368,0.427314,1.79296,1,0,0,0,1,0,0,0
198000,-221.094081,33,0.121122,1.282508,0.553444,1.101255,1,0,0,0,1,0,0,0
199000,-219.772607,88,0.275419,0.792927,0.432835,1.044529,1,0,0,0,1,0,0,0
200000,-222.269472,53,0.30175,1.014401,0.436359,0.958437,1,0,0,0,1,0,0,0
201000,-219.872598,92,0.280154,0.890641,0.47852,1.409719,1,0,0,0,1,0,0,0
202000,-220.137133,99,0.178033,1.297966,0.453175,1.011384,1,0,0,0,1,0,0,0
203000,-221.271493,8,0.223528,0.904944,0.577782,1.338004,1,0,0,0,1,0,0,0
204000,-218.972258,88,0.23501,0.657629,0.528033,1.400533,1,0,0,0,1,0,0,0
205000,-221.229521,46,0.160719,0.857241,0.623109,0.736231,1,0,0,0,1,0,0,0
206000,-221.646279,81,0.229509,1.178349,0.331854,1.428532,1,0,0,0,1,0,0,0
207000,-217.716429,67,0.204041,0.825758,0.409576,1.364538,1,0,0,0,1,0,0,0
208000,-219.515143,67,0.239589,1.273193,0.403842,1.990256,1,0,0,0,1,0,0,0
209000,-220.172776,88,0.238803,0.245543,0.553001,1.180171,1,0,0,0,1,0,0,0
210000,-221.357674,80,0.179201,1.870343,0.488995,1.547432,1,0,0,0,1,0,0,0
211000,-224.337783,42,0.243863,0.6754,0.306858,0.98125,1,0,0,0,1,0,0,0
212000,-223.728302,9,0.399342,2.052071,0.677352,1.329687,1,0,0,0,1,0,0,0
213000,-221.928546,34,0.202483,1.066031,0.572271,0.822885,1,0,0,0,1,0,0,0
214000,-221.185935,62,0.245179,1.638538,0.625695,1.041642,1,0,0,0,1,0,0,0
215000,-223.238561,3,0.379303,1.574347,0.334626,0.914622,1,0,0,0,1,0,0,0
216000,-221.552287,77,0.244341,1.690601,0.560301,1.779067,1,0,0,0,1,0,0,0
217000,-222.168228,81,0.207531,1.293354,0.462103,2.142777,1,0,0,0,1,0,0,0
218000,-224.538597,32,0.183529,1.30646,0.471371,0.433391,1,0,0,0,1,0,0,0
219000,-223.820561,67,0.524617,1.845504,0.464703,1.350878,1,0,0,0,1,0,0,0
220000,-221.071027,46,0.236213,1.181814,0.606726,1.737638,1,0,0,0,1,0,0,0
221000,-219.654447,67,0.136363,1.845291,0.620762,1.628251,1,0,0,0,1,0,0,0
222000,-220.612948,9,0.271464,0.511145,0.461468,1.717554,1,0,0,0,1,0,0,0
223000,-220.387075,48,0.187203,0.915193,0.551545,1.4452,1,0,0,0,1,0,0,0
224000,-219.439709,3,0.154769,0.404534,0.576554,1.191074,1,0,0,0,1,0,0,0
225000,-218.990609,67,0.26414,1.324137,0.737273,1.415226,1,0,0,0,1,0,0,0
226000,-221.182894,48,0.288427,0.923252,0.590596,1.565149,1,0,0,0,1,0,0,0
227000,-226.10838,52,0.434756,1.087658,0.621835,1.905946,1,0,0,0,1,0,0,0
228000,-222.062442,61,0.138751,0.72676,0.679416,0.839457,1,0,0,0,1,0,0,0
229000,-220.475647,67,0.171553,0.595121,0.877266,1.29532,1,0,0,0,1,0,0,0
230000,-225.011935,17,0.354339,1.168451,0.737404,1.271387,1,0,0,0,1,0,0,0
231000,-222.842992,48,0.119262,0.690082,0.574549,1.885154,1,0,0,0,1,0,0,0
232000,-222.861847,78,0.126504,0.93499,0.577864,1.780237,1,0,0,0,1,0,0,0
233000,-220.221857,88,0.154951,1.043524,0.56877,0.703221,1,0,0,0,1,0,0,0
234000,-220.253182,3,0.239157,0.282724,0.489431,1.86728,1,0,0,0,1,0,0,0
235000,-218.203511,67,0.29132,1.176223,0.433474,1.353469,1,0,0,0,1,0,0,0
236000,-222.040103,67,0.194129,0.221936,0.836368,1.692414,1,0,0,0,1,0,0,0
237000,-218.923594,67,0.169495,1.054552,0.759385,1.098081,1,0,0,0,1,0,0,0
238000,-220.210908,9,0.271393,0.736266,0.664641,0.943275,1,0,0,0,1,0,0,0
239000,-219.528725,3,0.216984,1.729443,0.51791,1.68862,1,0,0,0,1,0,0,0
240000,-219.636099,67,0.129617,1.944134,0.458049,1.151381,1,0,0,0,1,0,0,0
241000,-225.08652,65,0.219831,1.366416,0.591857,2.718638,1,0,0,0,1,0,0,0
242000,-218.598167,67,0.303126,1.195129,0.600451,0.961322,1,0,0,0,1,0,0,0
243000,-217.955054,67,0.218878,0.492899,0.574901,1.460457,1,0,0,0,1,0,0,0
244000,-220.480874,99,0.252638,1.881101,0.463486,1.1411,1,0,0,0,1,0,0,0
245000,-220.901823,67,0.128533,1.72111,0.598846,0.570459,1,0,0,0,1,0,0,0
246000,-218.224357,67,0.202387,1.672469,0.482342,1.294792,1,0,0,0,1,0,0,0
247000,-218.876945,67,0.265374,1.434981,0.709249,1.1814,1,0,0,0,1,0,0,0
248000,-220.825305,3,0.137256,1.593943,0.53657,2.00283,1,0,0,0,1,0,0,0
249000,-222.299366,87,0.210042,0.481522,0.609801,0.791719,1,0,0,0,1,0,0,0
250000,-220.64915,80,0.242927,0.748849,0.416968,0.955135,1,0,0,0,1,0,0,0
251000,-220.482485,72,0.193193,1.480059,0.545231,1.173029,1,0,0,0,1,0,0,0
252000,-222.524591,49,0.205717,1.515919,0.805231,0.853842,1,0,0,0,1,0,0,0
253000,-223.516381,99,0.167101,1.177605,0.455828,2.566611,1,0,0,0,1,0,0,0
254000,-217.539054,67,0.26435,0.953273,0.504073,1.234611,1,0,0,0,1,0,0,0
255000,-221.87008,9,0.305495,1.401986,0.791493,1.270763,1,0,0,0,1,0,0,0
256000,-220.696456,25,0.212364,0.828965,0.587541,1.752593,1,0,0,0,1,0,0,0
257000,-219.199406,67,0.128497,1.566246,0.598376,1.562246,1,0,0,0,1,0,0,0
258000,-218.949367,67,0.335995,0.877146,0.638491,1.244576,1,0,0,0,1,0,0,0
259000,-223.519682,1,0.161282,1.295021,0.563343,1.967601,1,0,0,0,1,0,0,0
260000,-222.356465,62,0.260443,1.608964,0.714826,0.769069,1,0,0,0,1,0,0,0
261000,-222.534543,65,0.352971,1.721873,0.519873,1.269059,1,0,0,0,1,0,0,0
262000,-222.150912,100,0.159147,0.450309,0.692043,1.701087,1,0,0,0,1,0,0,0
263000,-220.352103,3,0.194686,0.541165,0.610798,0.612051,1,0,0,0,1,0,0,0
264000,-222.979796,40,0.191925,2.051116,0.62769,1.717434,1,0,0,0,1,0,0,0
265000,-222.676995,62,0.246058,2.064184,0.708901,1.607697,1,0,0,0,1,0,0,0
266000,-221.991731,21,0.25761,1.332621,0.361478,1.587315,1,0,0,0,1,0,0,0
267000,-221.659613,92,0.253094,0.166617,0.639055,1.151437,1,0,0,0,1,0,0,0
268000,-225.666578,2,0.34831,0.840946,0.618932,1.876447,1,0,0,0,1,0,0,0
269000,-222.482512,77,0.330923,1.579112,0.443565,0.960714,1,0,0,0,1,0,0,0
270000,-218.492925,67,0.210795,0.94708,0.391257,1.744013,1,0,0,0,1,0,0,0
271000,-228.027975,91,0.459025,1.504712,0.386169,0.831067,1,0,0,0,1,0,0,0
272000,-218.735373,67,0.188341,1.82097,0.612745,1.27257,1,0,0,0,1,0,0,0
273000,-223.067573,10,0.238326,0.717767,0.514987,0.748936,1,0,0,0,1,0,0,0
274000,-220.710678,99,0.254757,1.488605,0.692934,1.599651,1,0,0,0,1,0,0,0
275000,-218.342681,67,0.222318,1.302146,0.409824,1.04114,1,0,0,0,1,0,0,0
276000,-223.606234,43,0.153383,0.675828,0.468484,1.02978,1,0,0,0,1,0,0,0
277000,-221.56893,81,0.252279,1.110586,0.513767,2.042303,1,0,0,0,1,0,0,0
278000,-225.054449,89,0.216749,1.085613,0.371191,0.87853,1,0,0,0,1,0,0,0
279000,-220.852149,9,0.188036,1.13581,0.347948,1.649026,1,0,0,0,1,0,0,0
280000,-225.125889,87,0.400305,0.947758,0.453446,2.045359,1,0,0,0,1,0,0,0
281000,-222.113832,10,0.188197,1.174472,0.657353,1.211558,1,0,0,0,1,0,0,0
282000,-222.284864,10,0.224913,1.177155,0.367943,1.238769,1,0,0,0,1,0,0,0
283000,-223.07373,1,0.234761,1.043166,0.347285,1.26169,1,0,0,0,1,0,0,0
284000,-223.529452,54,0.128876,1.106171,0.700298,1.421305,1,0,0,0,1,0,0,0
285000,-219.262353,9,0.226923,0.694348,0.517291,1.125123,1,0,0,0,1,0,0,0
286000,-223.158833,87,0.385123,1.226797,0.587199,1.352624,1,0,0,0,1,0,0,0
287000,-222.191948,92,0.286722,0.157309,0.606744,1.170649,1,0,0,0,1,0,0,0
288000,-219.691772,99,0.220819,1.25947,0.615634,1.400084,1,0,0,0,1,0,0,0
289000,-220.794929,65,0.237944,1.276266,0.56156,0.963738,1,0,0,0,1,0,0,0
290000,-222.001469,40,0.137788,0.965494,0.541838,1.732742,1,0,0,0,1,0,0,0
291000,-220.027627,67,0.33388,1.093462,0.591784,2.017113,1,0,0,0,1,0,0,0
292000,-220.562895,49,0.204923,0.819392,0.557533,1.900424,1,0,0,0,1,0,0,0
293000,-223.359831,67,0.13178,2.126122,0.493245,2.487587,1,0,0,0,1,0,0,0
294000,-218.545037,67,0.173948,0.548422,0.683657,1.226567,1,0,0,0,1,0,0,0
295000,-221.310122,80,0.283562,1.724057,0.492206,1.264101,1,0,0,0,1,0,0,0
296000,-223.112397,83,0.328194,1.447415,0.525885,0.846025,1,0,0,0,1,0,0,0
297000,-217.599058,67,0.22186,1.108669,0.612825,1.200441,1,0,0,0,1,0,0,0
298000,-222.23996,67,0.283466,2.083555,0.591293,0.439369,1,0,0,0,1,0,0,0
299000,-221.184758,9,0.344275,0.7599,0.546746,1.695796,1,0,0,0,1,0,0,0
300000,-228.057543,31,0.29022,1.962897,0.852442,2.57526,1,0,0,0,1,0,0,0
301000,-219.800092,3,0.181809,1.669031,0.481921,1.789874,1,0,0,0,1,0,0,0
302000,-221.772982,64,0.169665,1.322081,0.457536,1.046415,1,0,0,0,1,0,0,0
303000,-220.973728,23,0.197041,1.202476,0.48991,1.326164,1,0,0,0,1,0,0,0
304000,-220.852031,48,0.190138,1.110731,0.617798,1.55239,1,0,0,0,1,0,0,0
305000,-220.644946,57,0.203687,1.290249,0.680358,1.504598,1,0,0,0,1,0,0,0
306000,-219.732904,49,0.247228,1.018409,0.479568,1.32001,1,0,0,0,1,0,0,0
307000,-218.154344,67,0.202875,0.953235,0.512722,1.858289,1,0,0,0,1,0,0,0
308000,-220.192366,33,0.23709,0.703383,0.607648,0.880643,1,0,0,0,1,0,0,0
309000,-218.016148,67,0.186052,1.493619,0.536987,1.146246,1,0,0,0,1,0,0,0
310000,-222.903586,80,0.259868,1.098266,0.321079,1.977213,1,0,0,0,1,0,0,0
311000,-220.90624,61,0.244667,0.52685,0.553156,1.742235,1,0,0,0,1,0,0,0
312000,-226.932698,81,0.381816,2.142044,0.451133,2.433581,1,0,0,0,1,0,0,0
313000,-220.897612,3,0.270905,2.149328,0.42206,1.159528,1,0,0,0,1,0,0,0
314000,-218.176484,67,0.219506,1.661676,0.498983,1.286611,1,0,0,0,1,0,0,0
315000,-222.362331,64,0.18577,0.732399,0.372099,1.531996,1,0,0,0,1,0,0,0
316000,-222.626436,31,0.200367,1.064788,0.777603,1.759,1,0,0,0,1,0,0,0
317000,-220.742737,77,0.302728,0.696451,0.562091,1.132706,1,0,0,0,1,0,0,0
318000,-224.782414,34,0.092563,0.618227,0.596956,0.957549,1,0,0,0,1,0,0,0
319000,-220.977986,67,0.425325,0.846348,0.612721,1.131127,1,0,0,0,1,0,0,0
320000,-221.842664,14,0.142757,1.023147,0.470352,0.960965,1,0,0,0,1,0,0,0
321000,-220.35277,57,0.200033,0.674735,0.395809,1.449641,1,0,0,0,1,0,0,0
322000,-218.988084,88,0.239212,0.921995,0.594029,1.225802,1,0,0,0,1,0,0,0
323000,-220.06034,99,0.250818,1.499384,0.623163,1.44558,1,0,0,0,1,0,0,0
324000,-219.21273,3,0.156869,0.506229,0.435166,1.522896,1,0,0,0,1,0,0,0
325000,-224.92305,40,0.405298,0.952754,0.757914,1.51879,1,0,0,0,1,0,0,0
326000,-221.046646,99,0.230289,2.120235,0.390598,1.337583,1,0,0,0,1,0,0,0
327000,-223.245698,72,0.138983,2.195428,0.391828,1.221487,1,0,0,0,1,0,0,0
328000,-218.912484,3,0.232177,1.019291,0.42769,1.041209,1,0,0,0,1,0,0,0
329000,-221.773921,14,0.288687,0.666004,0.437762,1.082767,1,0,0,0,1,0,0,0
330000,-223.473653,92,0.137985,1.082842,0.953599,1.168338,1,0,0,0,1,0,0,0
331000,-222.731725,52,0.273481,0.790732,0.713623,1.618318,1,0,0,0,1,0,0,0
332000,-220.045636,80,0.270219,0.979774,0.54659,1.268697,1,0,0,0,1,0,0,0
333000,-226.009491,57,0.435814,1.1936,0.552728,2.312626,1,0,0,0,1,0,0,0
334000,-218.901246,3,0.154248,0.972974,0.608506,1.435467,1,0,0,0,1,0,0,0
335000,-221.125311,72,0.280244,1.016992,0.583235,0.713339,1,0,0,0,1,0,0,0
336000,-220.771592,9,0.338767,0.742477,0.572595,1.097555,1,0,0,0,1,0,0,0
337000,-223.016491,80,0.198065,0.841518,0.71692,0.438278,1,0,0,0,1,0,0,0
338000,-221.470532,33,0.129665,1.752628,0.501417,1.120057,1,0,0,0,1,0,0,0
339000,-225.43981,67,0.212378,2.948174,0.614381,2.580719,1,0,0,0,1,0,0,0
340000,-220.129716,67,0.299257,1.460709,0.797588,1.22832,1,0,0,0,1,0,0,0
341000,-222.726912,3,0.283207,1.129892,0.511107,2.633479,1,0,0,0,1,0,0,0
342000,-219.299932,67,0.209693,2.121251,0.510047,1.554295,1,0,0,0,1,0,0,0
343000,-223.253417,22,0.253395,0.983304,0.52352,1.175966,1,0,0,0,1,0,0,0
344000,-223.15911,48,0.272741,1.018718,0.728542,0.544449,1,0,0,0,1,0,0,0
345000,-221.686623,3,0.258793,1.924913,0.5352,0.64098,1,0,0,0,1,0,0,0
346000,-219.977346,88,0.214535,1.052328,0.48903,1.822187,1,0,0,0,1,0,0,0
347000,-220.773203,25,0.248733,0.70285,0.431514,1.373284,1,0,0,0,1,0,0,0
348000,-221.352267,92,0.165422,1.103978,0.410146,1.820111,1,0,0,0,1,0,0,0
349000,-219.278125,3,0.266512,0.861704,0.695112,1.575519,1,0,0,0,1,0,0,0
350000,-221.751976,67,0.454423,1.332871,0.444088,1.546433,1,0,0,0,1,0,0,0
351000,-223.259601,9,0.268111,0.131552,0.52641,1.487332,1,0,0,0,1,0,0,0
352000,-225.530846,25,0.359251,1.862512,0.815307,0.610798,1,0,0,0,1,0,0,0
353000,-222.382483,72,0.305122,0.840914,0.641142,1.978506,1,0,0,0,1,0,0,0
354000,-222.604185,98,0.217029,1.854766,0.63487,1.007943,1,0,0,0,1,0,0,0
355000,-218.676678,3,0.262181,0.989441,0.609203,1.536683,1,0,0,0,1,0,0,0
356000,-226.792934,65,0.173763,0.32632,1.008064,1.871977,1,0,0,0,1,0,0,0
357000,-224.48078,56,0.121992,1.189052,0.512677,1.544858,1,0,0,0,1,0,0,0
358000,-223.353613,6,0.219655,0.563525,0.689994,1.070224,1,0,0,0,1,0,0,0
359000,-223.022338,85,0.207883,1.764773,0.580696,0.954149,1,0,0,0,1,0,0,0
360000,-224.512266,67,0.519963,2.310574,0.558327,1.115102,1,0,0,0,1,0,0,0
361000,-220.141836,3,0.164533,1.607835,0.366452,1.329252,1,0,0,0,1,0,0,0
362000,-221.126855,57,0.201051,0.864072,0.7539,1.63488,1,0,0,0,1,0,0,0
363000,-220.144766,92,0.316368,1.002235,0.55241,1.188658,1,0,0,0,1,0,0,0
364000,-222.036784,67,0.3193,2.876164,0.486731,1.304218,1,0,0,0,1,0,0,0
365000,-217.541469,67,0.237705,1.161561,0.543764,1.475083,1,0,0,0,1,0,0,0
366000,-220.988688,57,0.199749,0.50151,0.373803,1.444417,1,0,0,0,1,0,0,0
367000,-220.363414,9,0.179569,0.944214,0.377339,1.646134,1,0,0,0,1,0,0,0
368000,-224.991372,74,0.326877,0.22896,0.679648,1.65209,1,0,0,0,1,0,0,0
369000,-225.377101,88,0.218827,2.864624,0.836933,1.505923,1,0,0,0,1,0,0,0
370000,-221.429113,67,0.127367,0.634197,0.733763,2.146103,1,0,0,0,1,0,0,0
371000,-225.872693,62,0.412192,1.774313,0.440708,0.622354,1,0,0,0,1,0,0,0
372000,-222.678042,91,0.149366,0.797591,0.468557,1.407536,1,0,0,0,1,0,0,0
373000,-220.543115,49,0.156753,1.425681,0.513769,1.136146,1,0,0,0,1,0,0,0
374000,-219.12117,67,0.293518,0.876677,0.370984,1.652972,1,0,0,0,1,0,0,0
375000,-224.560089,14,0.083735,2.019017,0.500745,1.040262,1,0,0,0,1,0,0,0
376000,-225.427029,63,0.327293,1.644053,0.619718,1.628184,1,0,0,0,1,0,0,0
377000,-224.494594,67,0.313007,1.721794,0.784529,2.701067,1,0,0,0,1,0,0,0
378000,-221.369264,33,0.306249,0.971151,0.473502,1.904912,1,0,0,0,1,0,0,0
379000,-221.121862,9,0.271434,1.011776,0.578321,2.079522,1,0,0,0,1,0,0,0
380000,-226.04769,91,0.384592,0.46982,0.394675,1.436276,1,0,0,0,1,0,0,0
381000,-219.912684,80,0.228738,1.012974,0.549397,1.57216,1,0,0,0,1,0,0,0
382000,-219.104041,9,0.231928,0.916106,0.519343,1.399585,1,0,0,0,1,0,0,0
383000,-221.848922,9,0.341052,0.957557,0.514767,0.677313,1,0,0,0,1,0,0,0
384000,-227.073586,88,0.339119,2.918459,0.69618,0.4469,1,0,0,0,1,0,0,0
385000,-222.955523,92,0.257111,2.243718,0.530863,0.659234,1,0,0,0,1,0,0,0
386000,-220.855683,77,0.142532,0.60006,0.56659,1.574895,1,0,0,0,1,0,0,0
387000,-221.081836,48,0.228952,0.841987,0.701967,1.270754,1,0,0,0,1,0,0,0
388000,-221.739202,3,0.26348,2.325749,0.395916,1.711958,1,0,0,0,1,0,0,0
389000,-222.778138,64,0.178229,1.619569,0.681593,1.689095,1,0,0,0,1,0,0,0
390000,-220.188029,3,0.194944,1.27965,0.766701,1.694972,1,0,0,0,1,0,0,0
391000,-221.783844,3,0.197423,0.240206,0.708227,2.096826,1,0,0,0,1,0,0,0
392000,-219.258439,9,0.212549,0.9875,0.538191,1.558104,1,0,0,0,1,0,0,0
393000,-220.382594,61,0.237253,0.822792,0.422882,1.60062,1,0,0,0,1,0,0,0
394000,-224.449361,11,0.228679,0.847053,0.457599,1.565572,1,0,0,0,1,0,0,0
395000,-220.523441,88,0.259969,1.433276,0.444027,0.893169,1,0,0,0,1,0,0,0
396000,-225.817181,85,0.128304,2.185538,0.387799,0.841091,1,0,0,0,1,0,0,0
397000,-225.076137,61,0.10892,2.388376,0.501604,0.70071,1,0,0,0,1,0,0,0
398000,-223.501674,57,0.324561,0.858799,0.823016,0.678249,1,0,0,0,1,0,0,0
399000,-220.058763,80,0.192861,0.578179,0.457586,1.101826,1,0,0,0,1,0,0,0
400000,-220.50409,67,0.246568,0.361433,0.447167,0.660408,1,0,0,0,1,0,0,0
401000,-217.972095,67,0.182171,1.3509,0.612459,1.240425,1,0,0,0,1,0,0,0
402000,-220.07166,99,0.275682,1.497764,0.589209,1.397893,1,0,0,0,1,0,0,0
403000,-221.432367,87,0.246367,0.871278,0.55801,0.840547,1,0,0,0,1,0,0,0
404000,-228.928334,46,0.527771,1.308436,0.884847,0.943812,1,0,0,0,1,0,0,0
405000,-218.924184,3,0.214998,0.372639,0.464183,1.362748,1,0,0,0,1,0,0,0
406000,-223.671974,54,0.26271,0.43533,0.596005,1.107972,1,0,0,0,1,0,0,0
407000,-223.367976,9,0.427339,0.83461,0.641356,1.633831,1,0,0,0,1,0,0,0
408000,-223.959666,24,0.149615,1.395503,0.397791,1.612272,1,0,0,0,1,0,0,0
409000,-224.008852,26,0.184321,1.86653,0.59997,1.834336,1,0,0,0,1,0,0,0
410000,-220.995728,9,0.161628,0.472619,0.479534,0.807031,1,0,0,0,1,0,0,0
411000,-218.147549,67,0.277616,1.025072,0.633886,1.051729,1,0,0,0,1,0,0,0
412000,-221.795428,33,0.328076,0.53431,0.415749,1.061825,1,0,0,0,1,0,0,0
413000,-223.629864,78,0.182651,1.309739,0.550258,0.526233,1,0,0,0,1,0,0,0
414000,-221.791097,77,0.184621,2.000982,0.438349,1.42102,1,0,0,0,1,0,0,0
415000,-218.441049,67,0.173666,1.435964,0.657135,1.15773,1,0,0,0,1,0,0,0
416000,-220.878397,3,0.288165,0.40632,0.482384,2.064208,1,0,0,0,1,0,0,0
417000,-224.125661,40,0.224053,2.154675,0.798594,1.461592,1,0,0,0,1,0,0,0
418000,-219.288611,88,0.185814,1.0781,0.569851,0.91867,1,0,0,0,1,0,0,0
419000,-220.172031,33,0.216304,0.931042,0.702289,1.223832,1,0,0,0,1,0,0,0
420000,-222.677665,9,0.131799,1.685177,0.315834,1.476179,1,0,0,0,1,0,0,0
421000,-222.246331,46,0.183202,0.537557,0.466181,0.701261,1,0,0,0,1,0,0,0
422000,-219.197852,3,0.191726,1.305139,0.675605,1.338516,1,0,0,0,1,0,0,0
423000,-222.695453,34,0.142456,0.813984,0.67576,1.356333,1,0,0,0,1,0,0,0
424000,-220.245394,67,0.170812,2.063517,0.675027,1.764405,1,0,0,0,1,0,0,0
425000,-221.16214,25,0.164907,1.134796,0.712616,1.424622,1,0,0,0,1,0,0,0
426000,-217.587665,67,0.19004,0.802195,0.60777,1.406042,1,0,0,0,1,0,0,0
427000,-220.345576,62,0.24251,1.188297,0.458731,1.095276,1,0,0,0,1,0,0,0
428000,-218.098473,67,0.202066,1.090151,0.650271,0.919371,1,0,0,0,1,0,0,0
429000,-218.259485,67,0.155039,0.781277,0.652986,1.342142,1,0,0,0,1,0,0,0
430000,-218.477338,67,0.165052,0.504426,0.615655,1.484458,1,0,0,0,1,0,0,0
431000,-218.610011,67,0.296931,1.398662,0.488463,1.620197,1,0,0,0,1,0,0,0
432000,-219.431741,67,0.347694,1.136613,0.420744,1.074489,1,0,0,0,1,0,0,0
433000,-220.865574,9,0.24053,0.60634,0.767753,1.45592,1,0,0,0,1,0,0,0
434000,-220.38837,67,0.264439,1.594164,0.710965,0.602519,1,0,0,0,1,0,0,0
435000,-223.331447,40,0.342691,1.08527,0.713446,1.665269,1,0,0,0,1,0,0,0
436000,-218.850483,67,0.205259,1.845906,0.589037,1.569785,1,0,0,0,1,0,0,0
437000,-219.864876,49,0.235742,0.940726,0.531252,1.611083,1,0,0,0,1,0,0,0
438000,-217.699595,67,0.23439,0.950971,0.445503,1.570601,1,0,0,0,1,0,0,0
439000,-218.454264,67,0.233834,1.644413,0.490481,1.049056,1,0,0,0,1,0,0,0
440000,-219.052826,3,0.204558,1.404915,0.634236,1.486584,1,0,0,0,1,0,0,0
441000,-219.231009,3,0.3231,1.051984,0.526467,1.307634,1,0,0,0,1,0,0,0
442000,-219.445322,3,0.154742,1.246979,0.484283,0.99517,1,0,0,0,1,0,0,0
443000,-225.09944,52,0.129104,2.186589,0.675951,1.771517,1,0,0,0,1,0,0,0
444000,-222.964345,10,0.317412,0.746732,0.40963,1.28461,1,0,0,0,1,0,0,0
445000,-220.132925,3,0.175703,1.094343,0.775325,1.077788,1,0,0,0,1,0,0,0
446000,-221.540915,62,0.327714,1.284499,0.550711,0.960585,1,0,0,0,1,0,0,0
447000,-218.018543,67,0.206827,1.436166,0.439482,1.427456,1,0,0,0,1,0,0,0
448000,-221.528741,65,0.127407,1.325402,0.584173,1.450497,1,0,0,0,1,0,0,0
449000,-219.768179,67,0.191498,2.181751,0.436709,1.065598,1,0,0,0,1,0,0,0
450000,-225.305225,45,0.243107,0.714824,0.376088,1.732145,1,0,0,0,1,0,0,0
451000,-218.933761,3,0.19738,1.139402,0.496387,0.96289,1,0,0,0,1,0,0,0
452000,-220.803348,3,0.155126,0.559535,0.745056,0.79441,1,0,0,0,1,0,0,0
453000,-219.488986,92,0.190186,1.175556,0.548496,1.136184,1,0,0,0,1,0,0,0
454000,-218.870626,67,0.186622,1.548127,0.59051,0.796664,1,0,0,0,1,0,0,0
455000,-223.39965,54,0.328547,1.482773,0.59716,1.337548,1,0,0,0,1,0,0,0
456000,-221.998974,46,0.281322,1.369458,0.677874,0.683466,1,0,0,0,1,0,0,0
457000,-221.872655,65,0.223658,0.87577,0.391339,0.809725,1,0,0,0,1,0,0,0
458000,-223.125301,40,0.270859,1.169406,0.785663,1.784537,1,0,0,0,1,0,0,0
459000,-218.040886,67,0.272602,0.906179,0.605219,0.987292,1,0,0,0,1,0,0,0
460000,-218.128174,67,0.225656,1.010699,0.690326,1.499448,1,0,0,0,1,0,0,0
461000,-219.508223,3,0.298301,1.58072,0.522224,1.33589,1,0,0,0,1,0,0,0
462000,-222.592089,81,0.357652,1.568248,0.634522,1.408545,1,0,0,0,1,0,0,0
463000,-221.018875,67,0.406768,1.284765,0.617266,1.770787,1,0,0,0,1,0,0,0
464000,-220.246258,9,0.152151,0.734558,0.440948,0.995973,1,0,0,0,1,0,0,0
465000,-219.549483,67,0.200138,2.262159,0.580761,1.317136,1,0,0,0,1,0,0,0
466000,-218.585108,67,0.235457,1.394775,0.649124,0.873025,1,0,0,0,1,0,0,0
467000,-221.412712,4,0.231056,0.832205,0.505215,1.534117,1,0,0,0,1,0,0,0
468000,-221.274106,46,0.241687,0.847591,0.693096,1.624051,1,0,0,0,1,0,0,0
469000,-220.622689,99,0.195922,0.600446,0.598822,1.205849,1,0,0,0,1,0,0,0
470000,-218.655081,3,0.217339,1.125133,0.470509,1.684802,1,0,0,0,1,0,0,0
471000,-220.850972,72,0.206007,0.509349,0.635663,0.866,1,0,0,0,1,0,0,0
472000,-219.05998,3,0.310542,0.891012,0.572048,1.409232,1,0,0,0,1,0,0,0
473000,-223.394515,24,0.283762,1.287748,0.491027,0.753315,1,0,0,0,1,0,0,0
474000,-218.343712,67,0.252205,1.108837,0.664944,1.648175,1,0,0,0,1,0,0,0
475000,-223.23028,40,0.268938,2.235617,0.454026,1.256292,1,0,0,0,1,0,0,0
476000,-221.489427,57,0.133411,1.348214,0.511286,0.817175,1,0,0,0,1,0,0,0
477000,-223.289202,87,0.205166,1.258553,0.846011,1.61832,1,0,0,0,1,0,0,0
478000,-218.697159,67,0.19126,0.414982,0.652817,1.105818,1,0,0,0,1,0,0,0
479000,-218.884533,67,0.212941,0.724943,0.376674,0.921173,1,0,0,0,1,0,0,0
480000,-223.894697,94,0.348663,1.05037,0.463026,1.523343,1,0,0,0,1,0,0,0
481000,-223.222199,30,0.233512,0.93604,0.51764,0.781636,1,0,0,0,1,0,0,0
482000,-218.804561,3,0.24753,0.866841,0.58631,0.976438,1,0,0,0,1,0,0,0
483000,-219.671159,80,0.225659,0.686915,0.532625,1.438491,1,0,0,0,1,0,0,0
484000,-222.525388,72,0.12869,2.012057,0.669502,1.080564,1,0,0,0,1,0,0,0
485000,-220.919764,49,0.170828,0.927447,0.657704,1.796719,1,0,0,0,1,0,0,0
486000,-220.615595,9,0.165923,0.830201,0.495777,0.707807,1,0,0,0,1,0,0,0
487000,-218.649935,67,0.168502,0.731603,0.403413,1.713887,1,0,0,0,1,0,0,0
488000,-223.47383,98,0.336184,0.811987,0.400443,1.536961,1,0,0,0,1,0,0,0
489000,-222.3887,23,0.2675,1.340856,0.361244,1.225538,1,0,0,0,1,0,0,0
490000,-220.949769,67,0.391059,0.939696,0.648307,1.853525,1,0,0,0,1,0,0,0
491000,-222.451351,100,0.261261,1.386086,0.698921,1.916314,1,0,0,0,1,0,0,0
492000,-221.103175,61,0.259838,1.491281,0.625438,1.548845,1,0,0,0,1,0,0,0
493000,-220.779724,33,0.146469,1.621105,0.518932,1.288942,1,0,0,0,1,0,0,0
494000,-217.684364,67,0.209272,1.391462,0.516098,1.323077,1,0,0,0,1,0,0,0
495000,-220.978659,61,0.170313,0.659703,0.685817,1.284074,1,0,0,0,1,0,0,0
496000,-220.519229,3,0.279299,0.2256,0.490134,1.537191,1,0,0,0,1,0,0,0
497000,-220.311004,62,0.219028,1.284038,0.62537,1.3091,1,0,0,0,1,0,0,0
498000,-223.757184,41,0.215064,1.042066,0.823818,1.029213,1,0,0,0,1,0,0,0
499000,-220.046666,92,0.281558,0.481787,0.611855,1.314022,1,0,0,0,1,0,0,0
500000,-222.373631,61,0.154484,2.267914,0.560317,1.476904,1,0,0,0,1,0,0,0
501000,-221.6123,49,0.213629,1.319851,0.458949,2.047477,1,0,0,0,1,0,0,0
502000,-221.915044,99,0.359991,1.217998,0.673045,1.629756,1,0,0,0,1,0,0,0
503000,-218.426474,67,0.1467,1.338907,0.593502,1.10033,1,0,0,0,1,0,0,0
504000,-221.554049,92,0.163371,1.82065,0.714061,1.216027,1,0,0,0,1,0,0,0
505000,-221.12953,100,0.171883,0.683022,0.448237,0.971622,1,0,0,0,1,0,0,0
506000,-221.865862,92,0.285397,0.552916,0.329401,1.350218,1,0,0,0,1,0,0,0
507000,-220.886675,92,0.221913,0.854266,0.802992,1.56371,1,0,0,0,1,0,0,0
508000,-221.454297,67,0.273792,1.498156,0.921066,1.278317,1,0,0,0,1,0,0,0
509000,-222.881503,80,0.211953,2.311258,0.446636,1.745033,1,0,0,0,1,0,0,0
510000,-219.906716,33,0.163673,0.924098,0.525516,1.066773,1,0,0,0,1,0,0,0
511000,-217.678345,67,0.254222,1.133643,0.501844,1.108717,1,0,0,0,1,0,0,0
512000,-221.876106,65,0.161625,1.411338,0.715363,1.50812,1,0,0,0,1,0,0,0
513000,-222.784081,82,0.239201,1.864695,0.594297,0.785444,1,0,0,0,1,0,0,0
514000,-222.419279,100,0.298484,0.973902,0.614086,0.602256,1,0,0,0,1,0,0,0
515000,-221.048583,33,0.180343,0.417104,0.63567,1.678825,1,0,0,0,1,0,0,0
516000,-221.710756,99,0.275082,1.582965,0.749448,0.980569,1,0,0,0,1,0,0,0
517000,-221.79941,72,0.166474,1.760686,0.635124,0.775995,1,0,0,0,1,0,0,0
518000,-217.644388,67,0.223835,0.715986,0.57101,1.583215,1,0,0,0,1,0,0,0
519000,-218.127593,67,0.251204,1.39666,0.471216,1.579231,1,0,0,0,1,0,0,0
520000,-223.429552,40,0.115279,1.182716,0.551418,0.608647,1,0,0,0,1,0,0,0
521000,-222.781799,85,0.211415,1.931053,0.481523,1.419484,1,0,0,0,1,0,0,0
522000,-222.140748,21,0.208079,1.925049,0.629036,1.303548,1,0,0,0,1,0,0,0
523000,-222.044364,80,0.270381,1.521771,0.622104,0.749482,1,0,0,0,1,0,0,0
524000,-218.430605,67,0.23023,1.55401,0.439485,1.573492,1,0,0,0,1,0,0,0
525000,-218.135561,67,0.252526,1.353419,0.523108,0.979326,1,0,0,0,1,0,0,0
526000,-219.659407,67,0.223094,2.18281,0.566689,1.632243,1,0,0,0,1,0,0,0
527000,-221.911831,14,0.243986,0.519034,0.411413,1.627007,1,0,0,0,1,0,0,0
528000,-222.902639,10,0.217105,1.846211,0.614935,1.011919,1,0,0,0,1,0,0,0
529000,-218.590471,3,0.201767,0.544858,0.481157,1.625768,1,0,0,0,1,0,0,0
530000,-222.796939,87,0.198021,1.142107,0.593328,0.524651,1,0,0,0,1,0,0,0
531000,-221.224192,67,0.186831,0.894219,0.675643,2.510706,1,0,0,0,1,0,0,0
532000,-218.542901,67,0.271998,1.270905,0.639069,1.660392,1,0,0,0,1,0,0,0
533000,-220.691927,3,0.213992,0.960976,0.799077,0.775735,1,0,0,0,1,0,0,0
534000,-219.307534,3,0.247575,0.581009,0.38131,1.590748,1,0,0,0,1,0,0,0
535000,-219.726799,67,0.301586,2.016391,0.497122,1.09992,1,0,0,0,1,0,0,0
536000,-219.844038,9,0.281911,1.229529,0.581571,1.160027,1,0,0,0,1,0,0,0
537000,-219.134917,67,0.310371,1.694258,0.575318,1.138706,1,0,0,0,1,0,0,0
538000,-222.7855,100,0.252275,0.86101,0.447048,0.572395,1,0,0,0,1,0,0,0
539000,-221.495642,62,0.27326,0.468231,0.680661,1.209463,1,0,0,0,1,0,0,0
540000,-220.124732,88,0.174206,1.255932,0.588711,1.695178,1,0,0,0,1,0,0,0
541000,-220.770169,77,0.154845,1.181408,0.42848,1.450635,1,0,0,0,1,0,0,0
542000,-229.128495,50,0.21048,2.624669,0.650338,2.437392,1,0,0,0,1,0,0,0
543000,-224.397727,98,0.272184,1.281251,0.764747,0.570191,1,0,0,0,1,0,0,0
544000,-221.595702,67,0.3201,0.732568,0.86578,1.861241,1,0,0,0,1,0,0,0
545000,-222.674833,100,0.266854,1.471897,0.640351,0.594253,1,0,0,0,1,0,0,0
546000,-219.369313,67,0.105543,1.265285,0.566024,1.313373,1,0,0,0,1,0,0,0
547000,-220.783271,33,0.308928,1.189696,0.431617,1.502231,1,0,0,0,1,0,0,0
548000,-224.925514,67,0.301833,3.525036,0.531374,0.760692,1,0,0,0,1,0,0,0
549000,-221.933753,67,0.387258,2.180011,0.413417,1.598513,1,0,0,0,1,0,0,0
550000,-220.956013,33,0.254638,0.61988,0.667059,0.783122,1,0,0,0,1,0,0,0
551000,-221.20347,67,0.135887,2.29656,0.741939,1.151841,1,0,0,0,1,0,0,0
552000,-220.644715,88,0.32159,0.669865,0.669042,0.889636,1,0,0,0,1,0,0,0
553000,-221.942133,74,0.18462,1.514341,0.61367,1.395546,1,0,0,0,1,0,0,0
554000,-219.534307,9,0.154243,1.013028,0.525998,1.306691,1,0,0,0,1,0,0,0
555000,-219.51938,92,0.184088,0.535797,0.497772,1.359019,1,0,0,0,1,0,0,0
556000,-221.928737,25,0.27142,0.727224,0.733744,0.739425,1,0,0,0,1,0,0,0
557000,-223.501678,3,0.16571,0.809486,0.589595,2.843943,1,0,0,0,1,0,0,0
558000,-224.111143,40,0.137992,0.939378,0.3056,1.705923,1,0,0,0,1,0,0,0
559000,-220.361207,99,0.226362,0.802351,0.583132,1.807459,1,0,0,0,1,0,0,0
560000,-221.218616,3,0.174233,1.286439,0.284163,1.294279,1,0,0,0,1,0,0,0
561000,-222.69554,49,0.387652,0.752803,0.442513,1.65168,1,0,0,0,1,0,0,0
562000,-224.288874,94,0.166405,1.079875,0.785514,1.280978,1,0,0,0,1,0,0,0
563000,-220.243039,33,0.187503,1.078259,0.648392,0.945175,1,0,0,0,1,0,0,0
564000,-224.523415,64,0.140553,2.594499,0.487967,1.072379,1,0,0,0,1,0,0,0
565000,-222.370113,32,0.205574,1.007422,0.369583,1.501923,1,0,0,0,1,0,0,0
566000,-219.942796,3,0.230226,1.277821,0.745042,1.690727,1,0,0,0,1,0,0,0
567000,-222.021355,24,0.18738,0.78891,0.482449,1.181986,1,0,0,0,1,0,0,0
568000,-220.195825,9,0.281236,1.217658,0.66435,1.204239,1,0,0,0,1,0,0,0
569000,-219.949525,62,0.184752,0.943111,0.503711,1.507367,1,0,0,0,1,0,0,0
570000,-219.75294,88,0.188574,1.067074,0.674548,0.85676,1,0,0,0,1,0,0,0
571000,-221.371213,33,0.149095,0.776786,0.70123,1.782402,1,0,0,0,1,0,0,0
572000,-221.268337,40,0.150108,0.892273,0.626059,1.194566,1,0,0,0,1,0,0,0
573000,-220.348798,67,0.317986,1.006895,0.818178,0.976441,1,0,0,0,1,0,0,0
574000,-220.649862,67,0.219759,2.477294,0.669299,1.436566,1,0,0,0,1,0,0,0
575000,-221.280184,100,0.164727,0.652901,0.485389,1.762802,1,0,0,0,1,0,0,0
576000,-221.55222,62,0.239996,1.236833,0.540333,0.663139,1,0,0,0,1,0,0,0
577000,-222.78695,54,0.189672,1.09076,0.718231,1.269147,1,0,0,0,1,0,0,0
578000,-221.530636,67,0.106681,0.554103,0.683338,1.945874,1,0,0,0,1,0,0,0
579000,-222.013058,65,0.220159,0.849364,0.776761,0.853117,1,0,0,0,1,0,0,0
580000,-220.494547,3,0.247593,2.004819,0.407388,1.56909,1,0,0,0,1,0,0,0
581000,-221.192299,81,0.316708,0.935889,0.587021,1.293478,1,0,0,0,1,0,0,0
582000,-220.395523,62,0.27263,0.909431,0.591916,1.081946,1,0,0,0,1,0,0,0
583000,-220.940359,57,0.277318,1.62146,0.465438,1.27536,1,0,0,0,1,0,0,0
584000,-217.989151,67,0.251874,1.243306,0.618635,1.496783,1,0,0,0,1,0,0,0
585000,-220.867051,49,0.137285,0.706151,0.422524,1.230583,1,0,0,0,1,0,0,0
586000,-225.060472,40,0.342283,2.363907,0.406686,1.055597,1,0,0,0,1,0,0,0
587000,-219.639864,3,0.198751,1.795341,0.598902,1.187464,1,0,0,0,1,0,0,0
588000,-219.179589,67,0.288264,1.525923,0.697099,1.149546,1,0,0,0,1,0,0,0
589000,-221.033195,62,0.221243,1.466205,0.660777,1.623829,1,0,0,0,1,0,0,0
590000,-223.162234,21,0.217416,1.108025,0.605633,0.504652,1,0,0,0,1,0,0,0
591000,-218.5598,67,0.24068,0.633806,0.713558,1.490819,1,0,0,0,1,0,0,0
592000,-220.834505,100,0.162344,0.563925,0.542574,1.421558,1,0,0,0,1,0,0,0
593000,-220.456016,100,0.211811,0.922571,0.466779,1.495857,1,0,0,0,1,0,0,0
594000,-219.205945,67,0.154359,1.34069,0.675375,0.801861,1,0,0,0,1,0,0,0
595000,-220.203107,49,0.25744,0.554997,0.488704,1.48664,1,0,0,0,1,0,0,0
596000,-220.500258,33,0.231161,1.414351,0.414719,1.133443,1,0,0,0,1,0,0,0
597000,-223.799648,23,0.26898,1.659919,0.787327,1.074739,1,0,0,0,1,0,0,0
598000,-223.040251,4,0.290594,1.112767,0.380232,1.477256,1,0,0,0,1,0,0,0
599000,-221.097839,25,0.138093,1.079496,0.492613,1.0162,1,0,0,0,1,0,0,0
600000,-220.478156,67,0.170299,1.005562,0.429748,0.556484,1,0,0,0,1,0,0,0
601000,-221.545692,65,0.22737,0.752742,0.763746,1.217779,1,0,0,0,1,0,0,0
602000,-221.780565,21,0.163587,0.468067,0.409532,1.406508,1,0,0,0,1,0,0,0
603000,-219.093968,67,0.215168,0.91999,0.369388,1.854565,1,0,0,0,1,0,0,0
604000,-220.639375,3,0.271927,0.579535,0.405902,0.792642,1,0,0,0,1,0,0,0
605000,-217.991565,67,0.176733,0.721838,0.604175,0.973512,1,0,0,0,1,0,0,0
606000,-219.560711,92,0.191395,0.909997,0.640784,1.41795,1,0,0,0,1,0,0,0
607000,-218.507698,67,0.326656,0.818442,0.508945,1.172226,1,0,0,0,1,0,0,0
608000,-222.396617,87,0.162929,0.592532,0.358766,1.191796,1,0,0,0,1,0,0,0
609000,-218.123927,67,0.253424,1.3586,0.434343,1.174369,1,0,0,0,1,0,0,0
610000,-219.660172,92,0.197014,0.448878,0.655955,1.110663,1,0,0,0,1,0,0,0
611000,-220.128991,62,0.200336,1.254901,0.489234,1.175489,1,0,0,0,1,0,0,0
612000,-225.008745,21,0.302932,0.811228,0.621683,2.575334,1,0,0,0,1,0,0,0
613000,-220.628423,33,0.309699,1.295845,0.528081,1.120567,1,0,0,0,1,0,0,0
614000,-223.521044,97,0.311056,1.008337,0.523098,1.919127,1,0,0,0,1,0,0,0
615000,-218.496007,67,0.268535,1.334053,0.394757,1.225914,1,0,0,0,1,0,0,0
616000,-222.160702,64,0.175284,1.236534,0.401635,1.059671,1,0,0,0,1,0,0,0
617000,-218.297326,3,0.241347,0.781254,0.476451,1.519732,1,0,0,0,1,0,0,0
618000,-218.002244,67,0.264493,0.979295,0.411572,1.453187,1,0,0,0,1,0,0,0
619000,-223.565868,17,0.144333,0.829324,0.510087,1.658878,1,0,0,0,1,0,0,0
620000,-217.853009,67,0.175302,1.085067,0.440473,1.142391,1,0,0,0,1,0,0,0
621000,-221.346282,99,0.310489,1.800223,0.478444,0.96825,1,0,0,0,1,0,0,0
622000,-222.081748,80,0.251571,2.050049,0.56994,1.619002,1,0,0,0,1,0,0,0
623000,-222.350182,72,0.232169,1.764406,0.603164,0.59315,1,0,0,0,1,0,0,0
624000,-219.883071,3,0.144072,0.69865,0.416302,1.78653,1,0,0,0,1,0,0,0
625000,-219.357509,3,0.180175,0.946065,0.663931,1.828905,1,0,0,0,1,0,0,0
626000,-222.627001,80,0.207009,1.43584,0.806746,1.704996,1,0,0,0,1,0,0,0
627000,-217.400522,67,0.218433,0.970827,0.508981,1.112799,1,0,0,0,1,0,0,0
628000,-223.57136,10,0.298609,1.794532,0.690976,1.430784,1,0,0,0,1,0,0,0
629000,-222.274883,92,0.37992,1.472021,0.574818,1.528216,1,0,0,0,1,0,0,0
630000,-223.147939,80,0.202791,1.472616,0.745438,2.139519,1,0,0,0,1,0,0,0
631000,-220.680352,9,0.234065,0.699555,0.40354,1.85542,1,0,0,0,1,0,0,0
632000,-222.990222,67,0.363141,0.550594,0.892751,0.830345,1,0,0,0,1,0,0,0
633000,-217.455803,67,0.198062,1.026152,0.564738,1.479408,1,0,0,0,1,0,0,0
634000,-221.390188,65,0.264242,0.760439,0.719818,1.286935,1,0,0,0,1,0,0,0
635000,-221.4155,80,0.290212,0.614196,0.693444,1.046867,1,0,0,0,1,0,0,0
636000,-218.374854,67,0.294913,0.769645,0.446978,1.070593,1,0,0,0,1,0,0,0
637000,-220.790642,3,0.298814,0.417029,0.708301,1.761498,1,0,0,0,1,0,0,0
638000,-222.632421,40,0.239185,2.117873,0.472901,1.16035,1,0,0,0,1,0,0,0
639000,-218.569087,3,0.186697,0.818431,0.615839,1.577506,1,0,0,0,1,0,0,0
640000,-221.746263,53,0.254906,0.440229,0.54126,1.406736,1,0,0,0,1,0,0,0
641000,-224.866864,67,0.148066,0.747138,1.135031,1.120756,1,0,0,0,1,0,0,0
642000,-222.294433,99,0.23189,2.229059,0.600231,2.069467,1,0,0,0,1,0,0,0
643000,-223.145523,34,0.29162,1.737399,0.493075,1.250735,1,0,0,0,1,0,0,0
644000,-222.066799,91,0.197099,1.051246,0.471108,1.321063,1,0,0,0,1,0,0,0
645000,-221.506117,14,0.317795,1.048131,0.460877,1.343212,1,0,0,0,1,0,0,0
646000,-221.243191,48,0.158066,1.005645,0.416732,1.072897,1,0,0,0,1,0,0,0
647000,-219.75153,57,0.177842,1.029871,0.522438,1.366323,1,0,0,0,1,0,0,0
648000,-219.055427,67,0.317518,1.118424,0.421883,1.675596,1,0,0,0,1,0,0,0
649000,-220.037984,92,0.208813,0.905025,0.754908,1.133318,1,0,0,0,1,0,0,0
650000,-219.698043,67,0.234406,0.888236,0.721718,2.089278,1,0,0,0,1,0,0,0
651000,-221.748886,77,0.141195,1.784423,0.460338,1.226222,1,0,0,0,1,0,0,0
652000,-218.176862,67,0.27389,1.028727,0.635241,1.564846,1,0,0,0,1,0,0,0
653000,-223.081656,16,0.229261,1.545781,0.561921,1.733128,1,0,0,0,1,0,0,0
654000,-220.213624,61,0.254063,1.076013,0.586932,1.421746,1,0,0,0,1,0,0,0
655000,-223.854851,52,0.259119,0.330504,0.529348,1.85641,1,0,0,0,1,0,0,0
656000,-221.409452,67,0.136441,1.695029,0.770061,2.01165,1,0,0,0,1,0,0,0
657000,-222.546367,40,0.151141,0.758877,0.44683,0.714616,1,0,0,0,1,0,0,0
658000,-220.98497,3,0.127242,0.788857,0.709413,0.8158,1,0,0,0,1,0,0,0
659000,-220.372119,33,0.303903,1.13541,0.566081,1.457197,1,0,0,0,1,0,0,0
660000,-218.598535,67,0.311468,0.589084,0.491914,1.474439,1,0,0,0,1,0,0,0
661000,-222.265001,81,0.153563,1.079561,0.73481,1.854279,1,0,0,0,1,0,0,0
662000,-222.891559,100,0.264302,0.987332,0.677958,2.218066,1,0,0,0,1,0,0,0
663000,-223.398844,89,0.185593,0.938758,0.590349,1.091919,1,0,0,0,1,0,0,0
664000,-225.382745,2,0.1829,1.033988,0.686543,2.144081,1,0,0,0,1,0,0,0
665000,-222.622013,67,0.233814,2.465532,0.867966,1.330887,1,0,0,0,1,0,0,0
666000,-224.699861,54,0.274049,1.811597,0.769132,1.491498,1,0,0,0,1,0,0,0
667000,-217.559627,67,0.217515,0.81534,0.428732,1.285851,1,0,0,0,1,0,0,0
668000,-219.196605,67,0.129226,0.5893,0.417065,1.429538,1,0,0,0,1,0,0,0
669000,-219.28732,67,0.343631,0.758006,0.647794,1.14841,1,0,0,0,1,0,0,0
670000,-222.58266,78,0.128758,1.380016,0.386865,1.519842,1,0,0,0,1,0,0,0
671000,-224.560279,83,0.214844,2.504842,0.371477,1.719928,1,0,0,0,1,0,0,0
672000,-222.178676,92,0.241651,1.015078,0.907476,0.899763,1,0,0,0,1,0,0,0
673000,-221.865906,25,0.293982,1.376522,0.647279,0.726281,1,0,0,0,1,0,0,0
674000,-220.271714,67,0.193063,2.56589,0.553382,1.297557,1,0,0,0,1,0,0,0
675000,-224.159747,32,0.210942,0.234086,0.686572,1.649054,1,0,0,0,1,0,0,0
676000,-221.007206,3,0.121832,0.408237,0.417769,1.053237,1,0,0,0,1,0,0,0
677000,-222.556916,49,0.332349,0.379198,0.391357,1.216256,1,0,0,0,1,0,0,0
678000,-220.537176,3,0.291845,0.417705,0.732852,1.410716,1,0,0,0,1,0,0,0
679000,-221.266113,77,0.19876,0.849627,0.393618,1.876082,1,0,0,0,1,0,0,0
680000,-224.228023,8,0.325531,1.295882,0.377734,1.87936,1,0,0,0,1,0,0,0
681000,-224.118606,65,0.117924,2.400818,0.675773,1.316233,1,0,0,0,1,0,0,0
682000,-227.339012,40,0.214371,0.587183,0.334765,2.894278,1,0,0,0,1,0,0,0
683000,-223.034576,62,0.172737,1.187955,0.897027,1.263981,1,0,0,0,1,0,0,0
684000,-219.895884,3,0.249722,0.430772,0.552216,1.981516,1,0,0,0,1,0,0,0
685000,-223.879316,51,0.213719,2.018893,0.467509,1.027753,1,0,0,0,1,0,0,0
686000,-219.156905,3,0.31586,1.094302,0.488452,1.436209,1,0,0,0,1,0,0,0
687000,-222.376841,9,0.195639,1.807568,0.368574,1.908915,1,0,0,0,1,0,0,0
688000,-220.080935,99,0.27594,0.964898,0.415796,1.388223,1,0,0,0,1,0,0,0
689000,-219.949183,3,0.248939,1.977306,0.514806,1.551459,1,0,0,0,1,0,0,0
690000,-217.520379,67,0.253866,0.712085,0.522987,1.298004,1,0,0,0,1,0,0,0
691000,-219.972245,49,0.197484,0.688146,0.421315,1.299427,1,0,0,0,1,0,0,0
692000,-221.397314,88,0.262856,0.986997,0.440426,2.098472,1,0,0,0,1,0,0,0
693000,-220.566687,92,0.165978,1.493976,0.501196,1.463146,1,0,0,0,1,0,0,0
694000,-220.923316,21,0.276246,1.088636,0.540559,1.545045,1,0,0,0,1,0,0,0
695000,-221.721074,8,0.224821,1.302914,0.606602,1.458331,1,0,0,0,1,0,0,0
696000,-221.04372,67,0.295534,0.763267,0.709388,0.436514,1,0,0,0,1,0,0,0
697000,-220.523364,67,0.290456,1.124753,0.409873,2.172447,1,0,0,0,1,0,0,0
698000,-220.648541,92,0.255482,0.414246,0.499511,0.717771,1,0,0,0,1,0,0,0
699000,-219.312431,9,0.2445,0.938715,0.489435,1.108223,1,0,0,0,1,0,0,0
700000,-219.96375,49,0.181368,1.067826,0.600685,1.204666,1,0,0,0,1,0,0,0
701000,-221.437941,72,0.25222,0.360901,0.483668,1.172148,1,0,0,0,1,0,0,0
702000,-222.165441,72,0.236551,1.009223,0.751691,1.934692,1,0,0,0,1,0,0,0
703000,-222.543665,46,0.294717,0.807384,0.817241,1.164172,1,0,0,0,1,0,0,0
704000,-220.720468,3,0.292041,0.44356,0.716713,0.923841,1,0,0,0,1,0,0,0
705000,-221.621682,87,0.240657,0.603259,0.658553,1.437644,1,0,0,0,1,0,0,0
706000,-226.032725,33,0.31545,3.387944,0.517001,1.403469,1,0,0,0,1,0,0,0
707000,-227.785972,41,0.194277,2.741148,0.576611,2.196072,1,0,0,0,1,0,0,0
708000,-220.366921,99,0.198886,0.772651,0.657474,1.285293,1,0,0,0,1,0,0,0
709000,-222.186844,99,0.283641,0.481116,0.593993,0.913059,1,0,0,0,1,0,0,0
710000,-219.840363,67,0.334327,1.346762,0.516529,0.757788,1,0,0,0,1,0,0,0
711000,-218.78165,67,0.198907,1.909349,0.465886,1.225649,1,0,0,0,1,0,0,0
712000,-224.75315,14,0.3758,1.930228,0.355553,1.579018,1,0,0,0,1,0,0,0
713000,-220.147826,57,0.210259,0.785626,0.680812,1.203385,1,0,0,0,1,0,0,0
714000,-221.251477,87,0.211454,1.385689,0.465886,1.606604,1,0,0,0,1,0,0,0
715000,-220.23016,49,0.289448,0.862467,0.562046,1.441144,1,0,0,0,1,0,0,0
716000,-222.303656,85,0.206003,1.523906,0.41956,1.49728,1,0,0,0,1,0,0,0
717000,-222.358846,72,0.111039,1.618225,0.468062,1.008964,1,0,0,0,1,0,0,0
718000,-223.677085,98,0.251119,1.785202,0.778703,1.126638,1,0,0,0,1,0,0,0
719000,-223.721405,92,0.378058,0.412935,0.391385,1.682331,1,0,0,0,1,0,0,0
720000,-222.68989,91,0.239991,1.169408,0.413716,1.476439,1,0,0,0,1,0,0,0
721000,-224.391421,33,0.185405,1.36203,0.9221,2.132014,1,0,0,0,1,0,0,0
722000,-222.14096,61,0.36746,1.331075,0.455146,1.444388,1,0,0,0,1,0,0,0
723000,-221.604063,99,0.105354,1.738263,0.420487,1.262624,1,0,0,0,1,0,0,0
724000,-221.19279,83,0.182498,1.084437,0.593092,1.626259,1,0,0,0,1,0,0,0
725000,-223.208786,48,0.2439,1.684336,0.64936,2.044436,1,0,0,0,1,0,0,0
726000,-222.377708,9,0.153526,0.22272,0.420705,1.152375,1,0,0,0,1,0,0,0
727000,-219.284722,9,0.184987,1.059848,0.467716,1.327876,1,0,0,0,1,0,0,0
728000,-218.546799,67,0.269513,1.335766,0.586153,1.746941,1,0,0,0,1,0,0,0
729000,-218.273828,67,0.249166,0.616532,0.678485,1.180913,1,0,0,0,1,0,0,0
730000,-220.663106,33,0.278659,1.089281,0.700518,1.230247,1,0,0,0,1,0,0,0
731000,-219.560104,67,0.292999,1.708233,0.609912,0.838754,1,0,0,0,1,0,0,0
732000,-218.742438,67,0.158213,0.94475,0.721287,1.458201,1,0,0,0,1,0,0,0
733000,-221.239555,48,0.185683,0.516632,0.463712,1.653596,1,0,0,0,1,0,0,0
734000,-221.362957,31,0.252621,1.353425,0.518543,1.472232,1,0,0,0,1,0,0,0
735000,-223.041822,63,0.185437,1.037659,0.616251,1.20523,1,0,0,0,1,0,0,0
736000,-221.145845,46,0.243495,1.598851,0.619653,0.921906,1,0,0,0,1,0,0,0
737000,-222.710037,53,0.326056,0.882661,0.428609,0.975937,1,0,0,0,1,0,0,0
738000,-223.392285,51,0.259039,1.745259,0.479522,1.402876,1,0,0,0,1,0,0,0
739000,-219.822966,67,0.188357,1.557538,0.435698,2.027043,1,0,0,0,1,0,0,0
740000,-218.631827,67,0.328417,1.304211,0.531366,1.352519,1,0,0,0,1,0,0,0
741000,-223.723537,81,0.242001,0.561818,0.754022,2.304817,1,0,0,0,1,0,0,0
742000,-221.35797,88,0.133427,1.032239,0.673454,0.62466,1,0,0,0,1,0,0,0
743000,-222.301402,25,0.240011,0.825223,0.604224,2.226814,1,0,0,0,1,0,0,0
744000,-221.475542,57,0.128971,0.924457,0.375701,1.363894,1,0,0,0,1,0,0,0
745000,-219.320036,67,0.278486,1.372685,0.488627,1.962824,1,0,0,0,1,0,0,0
746000,-221.184882,62,0.20915,0.455142,0.692028,1.359904,1,0,0,0,1,0,0,0
747000,-223.14917,2,0.178903,1.264216,0.545022,1.239373,1,0,0,0,1,0,0,0
748000,-217.53731,67,0.244126,0.743768,0.513041,1.123949,1,0,0,0,1,0,0,0
749000,-222.297375,97,0.226606,0.704403,0.665984,1.64217,1,0,0,0,1,0,0,0
750000,-220.795697,57,0.272776,0.824107,0.695475,0.959217,1,0,0,0,1,0,0,0
751000,-226.521979,75,0.293027,0.336735,0.657621,1.43963,1,0,0,0,1,0,0,0
752000,-218.736959,3,0.244425,0.513897,0.564277,1.603562,1,0,0,0,1,0,0,0
753000,-219.069644,67,0.193837,0.716995,0.708103,0.705404,1,0,0,0,1,0,0,0
754000,-223.922369,82,0.333401,1.875562,0.598499,1.692433,1,0,0,0,1,0,0,0
755000,-221.507831,14,0.14032,0.911002,0.432417,1.37461,1,0,0,0,1,0,0,0
756000,-221.075301,67,0.116087,1.102496,0.689396,2.107554,1,0,0,0,1,0,0,0
757000,-221.664595,34,0.254291,1.000857,0.576966,1.189973,1,0,0,0,1,0,0,0
758000,-223.823774,66,0.183391,0.971537,0.526825,1.910405,1,0,0,0,1,0,0,0
759000,-221.007197,88,0.161019,1.654575,0.595772,1.699383,1,0,0,0,1,0,0,0
760000,-224.218741,99,0.242551,1.990147,0.915347,0.94956,1,0,0,0,1,0,0,0
761000,-218.965004,67,0.208494,1.204548,0.330089,1.275665,1,0,0,0,1,0,0,0
762000,-222.06582,4,0.294779,0.696304,0.452706,1.152082,1,0,0,0,1,0,0,0
763000,-222.906143,87,0.305241,0.54391,0.409416,1.66046,1,0,0,0,1,0,0,0
764000,-220.088748,62,0.228085,1.033894,0.608507,1.50221,1,0,0,0,1,0,0,0
765000,-219.570412,3,0.184871,1.512469,0.388116,1.460723,1,0,0,0,1,0,0,0
766000,-220.550212,25,0.206209,0.695833,0.560318,1.643648,1,0,0,0,1,0,0,0
767000,-218.655569,67,0.20155,1.135402,0.700939,1.73021,1,0,0,0,1,0,0,0
768000,-219.542028,49,0.213772,0.8666,0.518677,1.392419,1,0,0,0,1,0,0,0
769000,-219.124385,3,0.196951,0.468332,0.63286,1.072345,1,0,0,0,1,0,0,0
770000,-219.012209,67,0.209414,1.295742,0.652713,1.935104,1,0,0,0,1,0,0,0
771000,-218.888379,3,0.251671,1.249328,0.473731,1.669226,1,0,0,0,1,0,0,0
772000,-220.419869,92,0.289277,1.378854,0.608304,1.342651,1,0,0,0,1,0,0,0
773000,-217.873005,67,0.192638,1.482287,0.514484,1.288242,1,0,0,0,1,0,0,0
774000,-220.685521,99,0.200079,0.729046,0.647488,1.02542,1,0,0,0,1,0,0,0
775000,-222.817481,40,0.106347,1.074201,0.549176,0.855152,1,0,0,0,1,0,0,0
776000,-217.797043,67,0.15373,0.946156,0.486358,1.313507,1,0,0,0,1,0,0,0
777000,-221.46856,80,0.201696,1.414116,0.725223,1.138173,1,0,0,0,1,0,0,0
778000,-219.869388,88,0.19756,0.56588,0.645889,1.734685,1,0,0,0,1,0,0,0
779000,-220.206247,67,0.237186,1.876414,0.777778,1.374484,1,0,0,0,1,0,0,0
780000,-224.751365,94,0.160608,0.531946,0.727079,0.859113,1,0,0,0,1,0,0,0
781000,-218.282165,67,0.245423,0.935247,0.650329,1.732541,1,0,0,0,1,0,0,0
782000,-218.54088,3,0.241017,0.90454,0.436282,1.568982,1,0,0,0,1,0,0,0
783000,-217.398543,67,0.187169,0.857876,0.480534,1.270163,1,0,0,0,1,0,0,0
784000,-223.974928,54,0.346601,1.253615,0.667701,1.300986,1,0,0,0,1,0,0,0
785000,-223.432587,21,0.313771,0.764525,0.341884,1.834423,1,0,0,0,1,0,0,0
786000,-222.51389,3,0.208713,0.56244,0.552633,2.684278,1,0,0,0,1,0,0,0
787000,-220.686312,67,0.247859,0.541093,0.678478,2.290665,1,0,0,0,1,0,0,0
788000,-223.564702,25,0.276765,1.178379,0.563852,2.436533,1,0,0,0,1,0,0,0
789000,-222.070069,77,0.157163,0.58774,0.321979,1.514683,1,0,0,0,1,0,0,0
790000,-219.869694,49,0.238425,1.181146,0.486261,1.192022,1,0,0,0,1,0,0,0
791000,-219.657897,67,0.319001,1.763676,0.411184,1.350677,1,0,0,0,1,0,0,0
792000,-221.940173,92,0.196975,2.204084,0.665185,1.060231,1,0,0,0,1,0,0,0
793000,-219.210619,67,0.209863,0.717252,0.800758,1.483552,1,0,0,0,1,0,0,0
794000,-217.929282,67,0.180573,0.843293,0.641424,1.038666,1,0,0,0,1,0,0,0
795000,-223.523914,67,0.31477,0.840047,0.226958,1.906929,1,0,0,0,1,0,0,0
796000,-218.651311,67,0.21042,1.233384,0.354746,1.184952,1,0,0,0,1,0,0,0
797000,-219.963321,77,0.211672,0.951317,0.452209,1.500684,1,0,0,0,1,0,0,0
798000,-222.827577,3,0.435635,1.352068,0.54682,1.951937,1,0,0,0,1,0,0,0
799000,-220.1639,80,0.223311,0.537562,0.526497,1.673912,1,0,0,0,1,0,0,0
800000,-223.715812,31,0.116391,0.361003,0.471725,1.238375,1,0,0,0,1,0,0,0
801000,-224.865673,62,0.20178,1.309661,0.231193,1.671063,1,0,0,0,1,0,0,0
802000,-222.232019,33,0.157046,0.516995,0.33136,1.030657,1,0,0,0,1,0,0,0
803000,-217.547705,67,0.195655,1.193175,0.476811,1.227807,1,0,0,0,1,0,0,0
804000,-218.595765,67,0.234835,0.33345,0.538549,1.379204,1,0,0,0,1,0,0,0
805000,-222.581772,32,0.239291,0.999458,0.794765,0.968001,1,0,0,0,1,0,0,0
806000,-220.424145,88,0.288248,0.873774,0.745168,1.254579,1,0,0,0,1,0,0,0
807000,-220.652954,80,0.224129,0.606665,0.630477,0.877863,1,0,0,0,1,0,0,0
808000,-223.182052,64,0.379657,1.255634,0.563195,1.088798,1,0,0,0,1,0,0,0
809000,-221.65106,69,0.222605,1.301725,0.51934,1.403577,1,0,0,0,1,0,0,0
810000,-222.943196,40,0.293762,0.855147,0.616972,2.050036,1,0,0,0,1,0,0,0
811000,-218.918127,67,0.26459,0.337001,0.559,1.14088,1,0,0,0,1,0,0,0
812000,-220.38855,77,0.292738,0.715551,0.519177,1.426685,1,0,0,0,1,0,0,0
813000,-221.11221,74,0.228905,0.912041,0.508398,1.490285,1,0,0,0,1,0,0,0
814000,-223.382811,23,0.354355,0.782877,0.627872,1.695184,1,0,0,0,1,0,0,0
815000,-220.868357,46,0.227053,1.192644,0.429147,1.090666,1,0,0,0,1,0,0,0
816000,-220.381753,77,0.217517,0.974076,0.390325,1.417223,1,0,0,0,1,0,0,0
817000,-220.406157,92,0.198203,1.329065,0.721038,0.987828,1,0,0,0,1,0,0,0
818000,-220.670621,62,0.198796,1.210026,0.533756,1.823727,1,0,0,0,1,0,0,0
819000,-220.888373,87,0.220329,1.258209,0.544953,1.520929,1,0,0,0,1,0,0,0
820000,-219.51169,9,0.201406,0.859237,0.408522,1.295969,1,0,0,0,1,0,0,0
821000,-219.1687,3,0.258478,0.380573,0.467732,1.417207,1,0,0,0,1,0,0,0
822000,-220.181524,88,0.270106,1.309208,0.43701,1.454905,1,0,0,0,1,0,0,0
823000,-218.270425,3,0.188004,0.769054,0.546135,1.228893,1,0,0,0,1,0,0,0
824000,-219.413876,9,0.258533,0.70387,0.51913,1.40209,1,0,0,0,1,0,0,0
825000,-220.476695,3,0.384147,0.916844,0.495273,1.409991,1,0,0,0,1,0,0,0
826000,-218.93116,67,0.143845,0.961684,0.666997,1.695261,1,0,0,0,1,0,0,0
827000,-221.605861,72,0.313342,1.614562,0.594902,1.100023,1,0,0,0,1,0,0,0
828000,-220.296417,88,0.244266,0.560219,0.433817,1.810713,1,0,0,0,1,0,0,0
829000,-221.413661,81,0.315513,1.104668,0.574273,1.064355,1,0,0,0,1,0,0,0
830000,-218.975944,3,0.212681,0.648569,0.577144,0.890271,1,0,0,0,1,0,0,0
831000,-220.959898,3,0.157565,0.767608,0.784715,1.969192,1,0,0,0,1,0,0,0
832000,-218.598072,67,0.197525,1.135275,0.360457,1.552752,1,0,0,0,1,0,0,0
833000,-222.698485,52,0.208678,1.330619,0.507955,1.88148,1,0,0,0,1,0,0,0
834000,-218.675372,67,0.176672,0.447918,0.610254,1.622144,1,0,0,0,1,0,0,0
835000,-223.976642,40,0.271584,2.130144,0.543985,1.958151,1,0,0,0,1,0,0,0
836000,-222.68508,34,0.294241,0.712531,0.669848,1.303622,1,0,0,0,1,0,0,0
837000,-220.748221,62,0.19636,1.627457,0.466455,1.227255,1,0,0,0,1,0,0,0
838000,-220.823618,33,0.211646,0.366197,0.620754,1.072246,1,0,0,0,1,0,0,0
839000,-221.259983,100,0.249045,1.156273,0.613463,0.77708,1,0,0,0,1,0,0,0
840000,-219.151613,67,0.269704,1.927502,0.463703,1.209659,1,0,0,0,1,0,0,0
841000,-221.927964,49,0.233254,0.54199,0.457719,0.648,1,0,0,0,1,0,0,0
842000,-219.5031,88,0.176876,0.426384,0.598385,1.417836,1,0,0,0,1,0,0,0
843000,-221.56563,21,0.210131,0.527817,0.653439,1.107438,1,0,0,0,1,0,0,0
844000,-222.454406,77,0.184232,1.13597,0.417616,0.677425,1,0,0,0,1,0,0,0
845000,-225.536182,87,0.146429,1.47059,0.588174,0.311388,1,0,0,0,1,0,0,0
846000,-222.452612,33,0.224588,2.384403,0.434896,1.467663,1,0,0,0,1,0,0,0
847000,-220.536869,9,0.321226,0.693295,0.605724,1.358286,1,0,0,0,1,0,0,0
848000,-221.743526,99,0.245851,0.603086,0.687929,1.844982,1,0,0,0,1,0,0,0
849000,-219.417386,67,0.190103,1.780928,0.615995,1.836154,1,0,0,0,1,0,0,0
850000,-221.0139,81,0.225909,1.646633,0.579245,1.227263,1,0,0,0,1,0,0,0
851000,-221.317127,57,0.130121,0.727838,0.542939,0.824328,1,0,0,0,1,0,0,0
852000,-222.572262,9,0.153834,1.677735,0.777845,1.847372,1,0,0,0,1,0,0,0
853000,-219.714795,3,0.246382,0.549893,0.732539,1.107546,1,0,0,0,1,0,0,0
854000,-221.644467,40,0.177123,1.074034,0.388524,1.307733,1,0,0,0,1,0,0,0
855000,-219.392954,67,0.102786,1.072473,0.530048,1.250602,1,0,0,0,1,0,0,0
856000,-219.63203,67,0.206278,1.646243,0.652869,1.948567,1,0,0,0,1,0,0,0
857000,-221.970032,80,0.290199,1.62876,0.674536,1.140278,1,0,0,0,1,0,0,0
858000,-221.820029,23,0.220109,0.439345,0.580003,1.084728,1,0,0,0,1,0,0,0
859000,-222.915275,81,0.204847,1.100169,0.797922,2.078771,1,0,0,0,1,0,0,0
860000,-220.001001,92,0.208735,0.94792,0.70414,0.808752,1,0,0,0,1,0,0,0
861000,-222.00356,25,0.251041,0.419823,0.542735,1.854899,1,0,0,0,1,0,0,0
862000,-222.130684,80,0.207013,1.840586,0.385075,1.019356,1,0,0,0,1,0,0,0
863000,-222.950039,97,0.250923,0.902972,0.76193,0.749255,1,0,0,0,1,0,0,0
864000,-223.283745,61,0.193176,2.259152,0.668894,1.830569,1,0,0,0,1,0,0,0
865000,-219.498396,67,0.225163,1.988419,0.433199,1.654047,1,0,0,0,1,0,0,0
866000,-225.227267,68,0.311529,1.031692,0.322554,1.012541,1,0,0,0,1,0,0,0
867000,-220.528303,3,0.194761,1.947798,0.390919,1.631457,1,0,0,0,1,0,0,0
868000,-220.66408,99,0.125885,1.016855,0.457236,1.345539,1,0,0,0,1,0,0,0
869000,-218.337014,67,0.15698,0.635039,0.519093,0.970766,1,0,0,0,1,0,0,0
870000,-220.878045,9,0.312894,0.588791,0.600739,0.919519,1,0,0,0,1,0,0,0
871000,-218.314323,3,0.202914,1.113222,0.490782,1.265184,1,0,0,0,1,0,0,0
872000,-218.460365,67,0.284893,1.196339,0.666635,1.38866,1,0,0,0,1,0,0,0
873000,-221.263513,65,0.198499,0.350765,0.512947,1.416426,1,0,0,0,1,0,0,0
874000,-219.582559,88,0.230284,1.205877,0.636066,0.92211,1,0,0,0,1,0,0,0
875000,-220.144919,67,0.253057,2.392626,0.554259,1.51974,1,0,0,0,1,0,0,0
876000,-221.822131,80,0.185337,2.109434,0.54878,1.18696,1,0,0,0,1,0,0,0
877000,-217.493482,67,0.182115,0.802916,0.54416,1.465832,1,0,0,0,1,0,0,0
878000,-220.342469,25,0.199454,0.959073,0.640655,0.966696,1,0,0,0,1,0,0,0
879000,-220.540213,92,0.181651,0.462591,0.697569,0.722425,1,0,0,0,1,0,0,0
880000,-218.500529,67,0.239993,1.085512,0.407764,1.757609,1,0,0,0,1,0,0,0
881000,-217.776231,67,0.2537,1.152422,0.564052,1.561399,1,0,0,0,1,0,0,0
882000,-220.363057,88,0.172367,1.187219,0.642963,0.691989,1,0,0,0,1,0,0,0
883000,-223.381541,25,0.135543,2.088342,0.61128,0.633512,1,0,0,0,1,0,0,0
884000,-220.291109,9,0.230296,1.424234,0.679185,1.028251,1,0,0,0,1,0,0,0
885000,-223.771415,61,0.347923,1.019994,0.830026,1.431545,1,0,0,0,1,0,0,0
886000,-220.549738,3,0.280812,0.431136,0.41773,0.886716,1,0,0,0,1,0,0,0
887000,-219.463476,88,0.262975,1.093547,0.602421,1.362946,1,0,0,0,1,0,0,0
888000,-222.142029,82,0.237292,0.686252,0.762803,1.089115,1,0,0,0,1,0,0,0
889000,-226.786369,86,0.158998,2.976628,0.790968,1.323916,1,0,0,0,1,0,0,0
890000,-225.010946,56,0.189484,1.761205,0.375604,1.332796,1,0,0,0,1,0,0,0
891000,-221.322584,21,0.149945,1.225641,0.426738,1.351725,1,0,0,0,1,0,0,0
892000,-219.866043,92,0.261732,0.539946,0.581871,1.52243,1,0,0,0,1,0,0,0
893000,-224.237884,67,0.533818,1.220466,0.636153,1.629372,1,0,0,0,1,0,0,0
894000,-223.606087,53,0.164173,1.391739,0.783417,1.893385,1,0,0,0,1,0,0,0
895000,-220.50014,67,0.220134,0.412051,0.304545,1.071912,1,0,0,0,1,0,0,0
896000,-220.112182,72,0.208153,1.059688,0.627751,1.250235,1,0,0,0,1,0,0,0
897000,-220.731654,81,0.243703,1.166094,0.532437,0.99668,1,0,0,0,1,0,0,0
898000,-221.456352,87,0.304152,1.111205,0.47789,1.311162,1,0,0,0,1,0,0,0
899000,-220.972138,46,0.180447,0.57397,0.621676,1.094686,1,0,0,0,1,0,0,0
900000,-222.637698,67,0.355009,2.848514,0.442968,1.387376,1,0,0,0,1,0,0,0
901000,-219.220564,3,0.271044,0.831599,0.612783,0.927783,1,0,0,0,1,0,0,0
902000,-222.08828,67,0.310945,1.443032,0.917302,0.89216,1,0,0,0,1,0,0,0
903000,-221.751614,3,0.092241,1.238022,0.596635,1.847899,1,0,0,0,1,0,0,0
904000,-218.792694,67,0.203036,1.593751,0.39331,1.532655,1,0,0,0,1,0,0,0
905000,-219.32866,67,0.3213,1.124531,0.71017,1.480416,1,0,0,0,1,0,0,0
906000,-218.882414,67,0.22049,0.915305,0.605962,2.047595,1,0,0,0,1,0,0,0
907000,-219.789547,67,0.272061,1.593976,0.333526,1.305219,1,0,0,0,1,0,0,0
908000,-221.953818,53,0.181315,1.563631,0.422286,1.131413,1,0,0,0,1,0,0,0
909000,-221.888577,67,0.238942,1.288303,0.812741,0.39241,1,0,0,0,1,0,0,0
910000,-220.809994,3,0.172712,1.3248,0.376111,1.995079,1,0,0,0,1,0,0,0
911000,-223.746289,46,0.236514,2.540538,0.616567,0.713303,1,0,0,0,1,0,0,0
912000,-221.974245,23,0.262079,1.491678,0.415966,1.436126,1,0,0,0,1,0,0,0
913000,-222.889041,74,0.170179,1.048113,0.602054,2.041558,1,0,0,0,1,0,0,0
914000,-218.563278,67,0.184893,1.435978,0.655517,1.603375,1,0,0,0,1,0,0,0
915000,-220.905866,9,0.157371,1.277215,0.482332,0.744812,1,0,0,0,1,0,0,0
916000,-223.860034,22,0.230337,1.803369,0.543086,1.237386,1,0,0,0,1,0,0,0
917000,-221.3252,3,0.251658,2.173769,0.717256,1.470159,1,0,0,0,1,0,0,0
918000,-219.790931,88,0.135215,0.859551,0.532998,1.058,1,0,0,0,1,0,0,0
919000,-221.399824,9,0.196433,1.364251,0.811672,1.02814,1,0,0,0,1,0,0,0
920000,-221.488467,32,0.156863,0.961376,0.597354,1.102957,1,0,0,0,1,0,0,0
921000,-220.754273,67,0.156292,0.430104,0.768,1.872342,1,0,0,0,1,0,0,0
922000,-219.762058,67,0.15137,1.118848,0.782674,1.651366,1,0,0,0,1,0,0,0
923000,-219.355537,67,0.269364,0.30794,0.58824,1.561178,1,0,0,0,1,0,0,0
924000,-219.807443,62,0.218651,0.920677,0.570441,1.359105,1,0,0,0,1,0,0,0
925000,-221.920564,99,0.330127,0.794942,0.4922,1.944917,1,0,0,0,1,0,0,0
926000,-219.579419,57,0.228397,0.883404,0.507962,1.339505,1,0,0,0,1,0,0,0
927000,-223.168699,99,0.186826,1.846864,0.42728,2.376746,1,0,0,0,1,0,0,0
928000,-222.117457,67,0.382108,0.471076,0.794591,1.357817,1,0,0,0,1,0,0,0
929000,-218.694029,67,0.143761,1.563473,0.464527,1.472775,1,0,0,0,1,0,0,0
930000,-220.371239,92,0.22821,0.996984,0.582173,0.602666,1,0,0,0,1,0,0,0
931000,-218.823104,3,0.271396,0.697035,0.54922,1.069196,1,0,0,0,1,0,0,0
932000,-226.072705,5,0.249771,0.616914,0.718971,1.30484,1,0,0,0,1,0,0,0
933000,-222.162956,65,0.213569,0.770368,0.603118,0.541401,1,0,0,0,1,0,0,0
934000,-223.964034,77,0.325479,0.438429,0.654598,2.239192,1,0,0,0,1,0,0,0
935000,-221.228166,49,0.240876,0.64171,0.475848,0.720577,1,0,0,0,1,0,0,0
936000,-220.886485,67,0.280473,2.215075,0.409129,1.76077,1,0,0,0,1,0,0,0
937000,-220.281918,80,0.243645,0.630781,0.628123,1.133426,1,0,0,0,1,0,0,0
938000,-219.349525,67,0.333854,1.427713,0.604533,1.621636,1,0,0,0,1,0,0,0
939000,-217.585394,67,0.24765,1.119727,0.578178,1.402114,1,0,0,0,1,0,0,0
940000,-224.944687,89,0.309194,1.922153,0.565954,1.149571,1,0,0,0,1,0,0,0
941000,-223.886851,77,0.386926,2.123042,0.489625,1.187574,1,0,0,0,1,0,0,0
942000,-220.905897,33,0.162504,1.48687,0.673108,1.251232,1,0,0,0,1,0,0,0
943000,-219.876181,99,0.248028,1.112188,0.601149,1.624453,1,0,0,0,1,0,0,0
944000,-227.630528,98,0.207136,0.819414,0.870377,2.710426,1,0,0,0,1,0,0,0
945000,-222.827307,72,0.318938,2.169102,0.538689,1.103633,1,0,0,0,1,0,0,0
946000,-220.108585,3,0.174181,0.519369,0.51524,2.094749,1,0,0,0,1,0,0,0
947000,-223.36444,10,0.150886,1.828291,0.376044,1.295036,1,0,0,0,1,0,0,0
948000,-218.776849,67,0.225624,1.359339,0.458746,1.880396,1,0,0,0,1,0,0,0
949000,-220.164336,67,0.105966,1.866253,0.583086,1.523275,1,0,0,0,1,0,0,0
950000,-219.270097,88,0.199958,1.105016,0.555862,1.480235,1,0,0,0,1,0,0,0
951000,-221.77655,92,0.381467,0.953209,0.672054,1.165824,1,0,0,0,1,0,0,0
952000,-223.110823,21,0.283328,1.558104,0.770599,1.466014,1,0,0,0,1,0,0,0
953000,-221.811271,49,0.246632,1.371428,0.67863,1.955284,1,0,0,0,1,0,0,0
954000,-222.052384,49,0.33466,1.213411,0.705306,1.001142,1,0,0,0,1,0,0,0
955000,-221.288154,88,0.144455,1.644754,0.43051,1.585241,1,0,0,0,1,0,0,0
956000,-222.117865,53,0.14152,0.960389,0.514958,0.886893,1,0,0,0,1,0,0,0
957000,-219.082979,88,0.208631,0.634169,0.619466,1.403908,1,0,0,0,1,0,0,0
958000,-220.070521,3,0.184643,2.004315,0.597988,1.534206,1,0,0,0,1,0,0,0
959000,-223.839724,68,0.15382,1.456322,0.506296,0.67063,1,0,0,0,1,0,0,0
960000,-222.13776,80,0.104763,0.639515,0.482301,1.615567,1,0,0,0,1,0,0,0
961000,-218.996771,67,0.222186,1.789138,0.661028,1.443617,1,0,0,0,1,0,0,0
962000,-222.926679,67,0.285782,1.154523,0.611806,0.221434,1,0,0,0,1,0,0,0
963000,-221.298235,92,0.265215,1.756069,0.561858,1.607797,1,0,0,0,1,0,0,0
964000,-217.669419,67,0.245019,1.290997,0.554785,1.325192,1,0,0,0,1,0,0,0
965000,-221.893166,64,0.236084,1.575149,0.488482,1.451222,1,0,0,0,1,0,0,0
966000,-220.559706,81,0.253603,0.732417,0.600679,1.284823,1,0,0,0,1,0,0,0
967000,-219.328035,3,0.187089,0.301381,0.527836,1.258764,1,0,0,0,1,0,0,0
968000,-221.435455,100,0.243031,1.731374,0.587973,1.180381,1,0,0,0,1,0,0,0
969000,-220.649072,9,0.264846,1.487753,0.682044,1.459594,1,0,0,0,1,0,0,0
970000,-221.435162,77,0.144362,1.081189,0.433174,1.771356,1,0,0,0,1,0,0,0
971000,-220.661895,92,0.287273,0.475469,0.426659,1.065942,1,0,0,0,1,0,0,0
972000,-222.582173,57,0.229613,2.198596,0.417391,0.990233,1,0,0,0,1,0,0,0
973000,-220.274017,9,0.210844,1.279831,0.678608,1.638034,1,0,0,0,1,0,0,0
974000,-221.761777,83,0.308153,1.037903,0.589465,1.430539,1,0,0,0,1,0,0,0
975000,-222.598141,62,0.290365,1.639816,0.609519,2.03348,1,0,0,0,1,0,0,0
976000,-222.670101,67,0.294027,2.813701,0.352723,1.251792,1,0,0,0,1,0,0,0
977000,-222.070126,57,0.359531,1.620054,0.538869,1.356542,1,0,0,0,1,0,0,0
978000,-220.430972,80,0.220328,0.977738,0.676645,1.452935,1,0,0,0,1,0,0,0
979000,-222.871468,85,0.217674,1.1506,0.35436,1.706513,1,0,0,0,1,0,0,0
980000,-219.560928,9,0.228522,0.974182,0.496939,1.692526,1,0,0,0,1,0,0,0
981000,-219.748528,67,0.263937,1.674199,0.745133,0.992309,1,0,0,0,1,0,0,0
982000,-221.155709,77,0.283076,0.521681,0.388986,1.41219,1,0,0,0,1,0,0,0
983000,-219.15209,67,0.155173,1.699222,0.669973,1.393179,1,0,0,0,1,0,0,0
984000,-218.68204,3,0.285159,0.894865,0.57254,1.396799,1,0,0,0,1,0,0,0
985000,-222.475413,67,0.321125,2.82165,0.464523,1.711595,1,0,0,0,1,0,0,0
986000,-219.803415,92,0.154794,0.897707,0.4857,1.260372,1,0,0,0,1,0,0,0
987000,-222.48283,40,0.147466,1.611802,0.663598,0.81759,1,0,0,0,1,0,0,0
988000,-221.443299,40,0.148869,1.249479,0.475891,1.204934,1,0,0,0,1,0,0,0
989000,-220.252308,92,0.23374,1.325904,0.455858,1.48563,1,0,0,0,1,0,0,0
990000,-220.721358,33,0.238238,1.057172,0.635544,0.728012,1,0,0,0,1,0,0,0
991000,-219.820351,99,0.256285,1.328469,0.424475,1.287268,1,0,0,0,1,0,0,0
992000,-220.542635,57,0.207185,0.46011,0.550505,0.92785,1,0,0,0,1,0,0,0
993000,-219.251602,67,0.265763,1.667122,0.400038,1.61257,1,0,0,0,1,0,0,0
994000,-221.215427,21,0.170122,0.546371,0.51959,1.147261,1,0,0,0,1,0,0,0
995000,-220.232552,9,0.222918,0.408188,0.433298,1.359873,1,0,0,0,1,0,0,0
996000,-222.039286,9,0.253697,1.140998,0.882379,1.242708,1,0,0,0,1,0,0,0
997000,-225.063764,100,0.422646,2.040481,0.671167,1.262171,1,0,0,0,1,0,0,0
998000,-224.618279,2,0.216707,0.883731,0.831042,0.979706,1,0,0,0,1,0,0,0
999000,-219.501757,3,0.172762,1.080207,0.723501,1.29619,1,0,0,0,1,0,0,0
1000000,-217.996296,67,0.213684,0.75946,0.456102,0.94247,1,0,0,0,1,0,0,0
1001000,-220.380015,49,0.212228,1.400979,0.618618,1.154461,1,0,0,0,1,0,0,0
1002000,-220.679469,49,0.169117,1.301346,0.520314,1.75471,1,0,0,0,1,0,0,0
1003000,-224.10981,63,0.316194,1.263813,0.564581,1.335991,1,0,0,0,1,0,0,0
1004000,-220.091701,3,0.172062,0.959233,0.41746,0.815951,1,0,0,0,1,0,0,0
1005000,-222.101678,94,0.21267,0.848816,0.502738,1.475548,1,0,0,0,1,0,0,0
1006000,-218.361063,3,0.242171,1.052408,0.575729,1.408226,1,0,0,0,1,0,0,0
1007000,-223.616939,42,0.133637,1.077488,0.776486,0.806549,1,0,0,0,1,0,0,0
1008000,-219.169144,67,0.189989,0.320647,0.654374,1.316808,1,0,0,0,1,0,0,0
1009000,-218.045015,67,0.200567,1.456116,0.579409,1.5286,1,0,0,0,1,0,0,0
1010000,-218.292831,67,0.211687,0.546017,0.660869,1.028186,1,0,0,0,1,0,0,0